program;size_matrix;seed;dim_grid;dim_block;time
serial;20;0;;;0
cuda1;20;0;20;1;356.903
cuda1;20;0;10;2;288.922
cuda1;20;0;7;3;289.921
cuda1;20;0;5;4;289.922
cuda1;20;0;4;5;289.922
cuda1;20;0;4;6;289.921
cuda1;20;0;3;7;289.922
cuda1;20;0;3;8;289.922
cuda1;20;0;3;9;290.922
cuda1;20;0;2;10;289.922
cuda1;20;0;2;11;290.921
cuda1;20;0;2;12;289.922
cuda1;20;0;2;13;290.921
cuda1;20;0;2;14;290.921
cuda1;20;0;2;15;288.922
cuda1;20;0;2;16;288.922
cuda1;20;0;2;17;290.921
cuda1;20;0;2;18;287.922
cuda1;20;0;2;19;288.922
cuda1;20;0;1;20;289.922
cuda2;20;0;20;1;289.921
cuda2;20;0;10;2;290.921
cuda2;20;0;7;3;289.921
cuda2;20;0;5;4;289.922
cuda2;20;0;4;5;289.921
cuda2;20;0;4;6;291.921
cuda2;20;0;3;7;291.921
cuda2;20;0;3;8;289.921
cuda2;20;0;3;9;285.923
cuda2;20;0;2;10;288.922
cuda2;20;0;2;11;289.921
cuda2;20;0;2;12;289.921
cuda2;20;0;2;13;290.921
cuda2;20;0;2;14;290.921
cuda2;20;0;2;15;289.922
cuda2;20;0;2;16;288.922
cuda2;20;0;2;17;288.922
cuda2;20;0;2;18;290.921
cuda2;20;0;2;19;289.921
cuda2;20;0;1;20;290.921
cuda3;20;0;20;1;291.921
cuda3;20;0;10;2;291.921
cuda3;20;0;7;3;289.922
cuda3;20;0;5;4;289.922
cuda3;20;0;4;5;288.921
cuda3;20;0;4;6;288.922
cuda3;20;0;3;7;287.922
cuda3;20;0;3;8;287.922
cuda3;20;0;3;9;288.921
cuda3;20;0;2;10;285.923
cuda3;20;0;2;11;288.921
cuda3;20;0;2;12;289.922
cuda3;20;0;2;13;288.922
cuda3;20;0;2;14;290.921
cuda3;20;0;2;15;288.922
cuda3;20;0;2;16;288.921
cuda3;20;0;2;17;286.922
cuda3;20;0;2;18;287.922
cuda3;20;0;2;19;290.921
cuda3;20;0;1;20;289.922
serial;8000;0;;;1334.64
cuda1;8000;0;8000;1;2000.46
cuda1;8000;0;4000;2;1357.63
cuda1;8000;0;2667;3;1150.69
cuda1;8000;0;2000;4;1035.72
cuda1;8000;0;1600;5;991.731
cuda1;8000;0;1334;6;951.742
cuda1;8000;0;1143;7;915.752
cuda1;8000;0;1000;8;893.758
cuda1;8000;0;889;9;861.767
cuda1;8000;0;800;10;855.768
cuda1;8000;0;728;11;856.769
cuda1;8000;0;667;12;826.776
cuda1;8000;0;616;13;826.776
cuda1;8000;0;572;14;821.778
cuda1;8000;0;534;15;816.779
cuda1;8000;0;500;16;812.78
cuda1;8000;0;471;17;801.783
cuda1;8000;0;445;18;801.783
cuda1;8000;0;422;19;795.784
cuda1;8000;0;400;20;796.784
cuda1;8000;0;381;21;803.783
cuda1;8000;0;364;22;785.787
cuda1;8000;0;348;23;781.788
cuda1;8000;0;334;24;782.788
cuda1;8000;0;320;25;768.792
cuda1;8000;0;308;26;768.792
cuda1;8000;0;297;27;770.791
cuda1;8000;0;286;28;779.789
cuda1;8000;0;276;29;782.788
cuda1;8000;0;267;30;778.789
cuda1;8000;0;259;31;777.789
cuda1;8000;0;250;32;775.79
cuda1;8000;0;243;33;769.792
cuda1;8000;0;236;34;764.793
cuda1;8000;0;229;35;764.793
cuda1;8000;0;223;36;755.796
cuda1;8000;0;217;37;754.796
cuda1;8000;0;211;38;764.793
cuda1;8000;0;206;39;767.792
cuda1;8000;0;200;40;759.794
cuda1;8000;0;196;41;763.794
cuda1;8000;0;191;42;762.793
cuda1;8000;0;187;43;753.796
cuda1;8000;0;182;44;760.795
cuda1;8000;0;178;45;754.796
cuda1;8000;0;174;46;760.794
cuda1;8000;0;171;47;767.793
cuda1;8000;0;167;48;758.794
cuda1;8000;0;164;49;765.792
cuda1;8000;0;160;50;758.795
cuda1;8000;0;157;51;753.796
cuda1;8000;0;154;52;764.793
cuda1;8000;0;151;53;758.795
cuda1;8000;0;149;54;750.796
cuda1;8000;0;146;55;752.796
cuda1;8000;0;143;56;756.796
cuda1;8000;0;141;57;766.792
cuda1;8000;0;138;58;767.793
cuda1;8000;0;136;59;766.792
cuda1;8000;0;134;60;764.793
cuda1;8000;0;132;61;750.796
cuda1;8000;0;130;62;762.793
cuda1;8000;0;127;63;766.792
cuda1;8000;0;125;64;759.794
cuda1;8000;0;124;65;772.791
cuda1;8000;0;122;66;757.794
cuda1;8000;0;120;67;746.797
cuda1;8000;0;118;68;740.799
cuda1;8000;0;116;69;741.799
cuda1;8000;0;115;70;746.798
cuda1;8000;0;113;71;751.797
cuda1;8000;0;112;72;752.796
cuda1;8000;0;110;73;748.797
cuda1;8000;0;109;74;742.799
cuda1;8000;0;107;75;738.8
cuda1;8000;0;106;76;747.798
cuda1;8000;0;104;77;739.8
cuda1;8000;0;103;78;742.799
cuda1;8000;0;102;79;747.797
cuda1;8000;0;100;80;751.797
cuda1;8000;0;99;81;739.799
cuda1;8000;0;98;82;749.797
cuda1;8000;0;97;83;738.8
cuda1;8000;0;96;84;737.8
cuda1;8000;0;95;85;741.799
cuda1;8000;0;94;86;735.801
cuda1;8000;0;92;87;739.8
cuda1;8000;0;91;88;737.8
cuda1;8000;0;90;89;747.797
cuda1;8000;0;89;90;735.801
cuda1;8000;0;88;91;738.8
cuda1;8000;0;87;92;733.802
cuda1;8000;0;87;93;733.802
cuda1;8000;0;86;94;742.798
cuda1;8000;0;85;95;737.8
cuda1;8000;0;84;96;743.799
cuda1;8000;0;83;97;738.8
cuda1;8000;0;82;98;748.797
cuda1;8000;0;81;99;740.8
cuda1;8000;0;80;100;742.799
cuda1;8000;0;80;101;746.798
cuda1;8000;0;79;102;743.798
cuda1;8000;0;78;103;739.8
cuda1;8000;0;77;104;742.799
cuda1;8000;0;77;105;741.8
cuda1;8000;0;76;106;747.798
cuda1;8000;0;75;107;738.8
cuda1;8000;0;75;108;747.798
cuda1;8000;0;74;109;748.798
cuda1;8000;0;73;110;742.799
cuda1;8000;0;73;111;737.8
cuda1;8000;0;72;112;735.801
cuda1;8000;0;71;113;742.799
cuda1;8000;0;71;114;737.8
cuda1;8000;0;70;115;737.801
cuda1;8000;0;69;116;744.798
cuda1;8000;0;69;117;746.798
cuda1;8000;0;68;118;741.799
cuda1;8000;0;68;119;735.801
cuda1;8000;0;67;120;742.799
cuda1;8000;0;67;121;738.8
cuda1;8000;0;66;122;743.798
cuda1;8000;0;66;123;739.8
cuda1;8000;0;65;124;738.8
cuda1;8000;0;64;125;736.801
cuda1;8000;0;64;126;743.799
cuda1;8000;0;63;127;744.799
cuda1;8000;0;63;128;736.8
cuda1;8000;0;63;129;743.799
cuda1;8000;0;62;130;741.799
cuda1;8000;0;62;131;735.801
cuda1;8000;0;61;132;738.8
cuda1;8000;0;61;133;740.799
cuda1;8000;0;60;134;749.797
cuda1;8000;0;60;135;739.8
cuda1;8000;0;59;136;738.8
cuda1;8000;0;59;137;751.797
cuda1;8000;0;58;138;737.801
cuda1;8000;0;58;139;750.797
cuda1;8000;0;58;140;746.798
cuda1;8000;0;57;141;740.8
cuda1;8000;0;57;142;734.802
cuda1;8000;0;56;143;750.797
cuda1;8000;0;56;144;747.798
cuda1;8000;0;56;145;738.8
cuda1;8000;0;55;146;738.8
cuda1;8000;0;55;147;738.8
cuda1;8000;0;55;148;739.8
cuda1;8000;0;54;149;747.798
cuda1;8000;0;54;150;748.797
cuda1;8000;0;53;151;738.8
cuda1;8000;0;53;152;737.8
cuda1;8000;0;53;153;739.8
cuda1;8000;0;52;154;746.798
cuda1;8000;0;52;155;738.8
cuda1;8000;0;52;156;737.8
cuda1;8000;0;51;157;733.801
cuda1;8000;0;51;158;746.798
cuda1;8000;0;51;159;748.798
cuda1;8000;0;50;160;746.798
cuda1;8000;0;50;161;739.799
cuda1;8000;0;50;162;738.8
cuda1;8000;0;50;163;738.8
cuda1;8000;0;49;164;746.797
cuda1;8000;0;49;165;739.8
cuda1;8000;0;49;166;740.8
cuda1;8000;0;48;167;738.8
cuda1;8000;0;48;168;736.801
cuda1;8000;0;48;169;740.799
cuda1;8000;0;48;170;744.799
cuda1;8000;0;47;171;751.797
cuda1;8000;0;47;172;740.799
cuda1;8000;0;47;173;741.8
cuda1;8000;0;46;174;738.8
cuda1;8000;0;46;175;749.797
cuda1;8000;0;46;176;745.798
cuda1;8000;0;46;177;752.796
cuda1;8000;0;45;178;751.796
cuda1;8000;0;45;179;746.798
cuda1;8000;0;45;180;738.8
cuda1;8000;0;45;181;742.799
cuda1;8000;0;44;182;747.798
cuda1;8000;0;44;183;747.798
cuda1;8000;0;44;184;740.799
cuda1;8000;0;44;185;749.797
cuda1;8000;0;44;186;743.799
cuda1;8000;0;43;187;748.797
cuda1;8000;0;43;188;734.802
cuda1;8000;0;43;189;743.799
cuda1;8000;0;43;190;740.8
cuda1;8000;0;42;191;749.797
cuda1;8000;0;42;192;746.798
cuda1;8000;0;42;193;739.8
cuda1;8000;0;42;194;748.798
cuda1;8000;0;42;195;738.8
cuda1;8000;0;41;196;748.797
cuda1;8000;0;41;197;736.8
cuda1;8000;0;41;198;739.8
cuda1;8000;0;41;199;738.8
cuda1;8000;0;40;200;751.797
cuda1;8000;0;40;201;738.8
cuda1;8000;0;40;202;741.8
cuda1;8000;0;40;203;748.798
cuda1;8000;0;40;204;737.8
cuda1;8000;0;40;205;738.8
cuda1;8000;0;39;206;745.798
cuda1;8000;0;39;207;746.798
cuda1;8000;0;39;208;744.798
cuda1;8000;0;39;209;738.8
cuda1;8000;0;39;210;736.801
cuda1;8000;0;38;211;739.8
cuda1;8000;0;38;212;742.799
cuda1;8000;0;38;213;740.799
cuda1;8000;0;38;214;739.8
cuda1;8000;0;38;215;746.798
cuda1;8000;0;38;216;748.797
cuda1;8000;0;37;217;738.8
cuda1;8000;0;37;218;748.797
cuda1;8000;0;37;219;735.801
cuda1;8000;0;37;220;746.798
cuda1;8000;0;37;221;735.801
cuda1;8000;0;37;222;741.799
cuda1;8000;0;36;223;751.796
cuda1;8000;0;36;224;738.8
cuda1;8000;0;36;225;753.796
cuda1;8000;0;36;226;737.801
cuda1;8000;0;36;227;739.8
cuda1;8000;0;36;228;748.797
cuda1;8000;0;35;229;737.8
cuda1;8000;0;35;230;738.8
cuda1;8000;0;35;231;748.797
cuda1;8000;0;35;232;747.798
cuda1;8000;0;35;233;751.797
cuda1;8000;0;35;234;738.8
cuda1;8000;0;35;235;741.8
cuda1;8000;0;34;236;740.8
cuda1;8000;0;34;237;748.797
cuda1;8000;0;34;238;741.8
cuda1;8000;0;34;239;740.8
cuda1;8000;0;34;240;745.799
cuda1;8000;0;34;241;739.8
cuda1;8000;0;34;242;748.798
cuda1;8000;0;33;243;750.796
cuda1;8000;0;33;244;738.8
cuda1;8000;0;33;245;746.798
cuda1;8000;0;33;246;739.8
cuda1;8000;0;33;247;736.8
cuda1;8000;0;33;248;750.796
cuda1;8000;0;33;249;740.8
cuda1;8000;0;32;250;736.8
cuda1;8000;0;32;251;747.797
cuda1;8000;0;32;252;748.797
cuda1;8000;0;32;253;738.8
cuda1;8000;0;32;254;734.802
cuda1;8000;0;32;255;751.797
cuda1;8000;0;32;256;738.8
cuda1;8000;0;32;257;739.8
cuda1;8000;0;32;258;743.799
cuda1;8000;0;31;259;741.799
cuda1;8000;0;31;260;740.8
cuda1;8000;0;31;261;741.799
cuda1;8000;0;31;262;750.797
cuda1;8000;0;31;263;749.797
cuda1;8000;0;31;264;742.799
cuda1;8000;0;31;265;751.796
cuda1;8000;0;31;266;751.796
cuda1;8000;0;30;267;742.799
cuda1;8000;0;30;268;750.797
cuda1;8000;0;30;269;741.8
cuda1;8000;0;30;270;752.796
cuda1;8000;0;30;271;742.799
cuda1;8000;0;30;272;748.797
cuda1;8000;0;30;273;743.799
cuda1;8000;0;30;274;741.799
cuda1;8000;0;30;275;751.797
cuda1;8000;0;29;276;741.799
cuda1;8000;0;29;277;739.8
cuda1;8000;0;29;278;740.799
cuda1;8000;0;29;279;738.801
cuda1;8000;0;29;280;739.8
cuda1;8000;0;29;281;740.8
cuda1;8000;0;29;282;738.8
cuda1;8000;0;29;283;737.801
cuda1;8000;0;29;284;735.8
cuda1;8000;0;29;285;737.801
cuda1;8000;0;28;286;734.801
cuda1;8000;0;28;287;743.798
cuda1;8000;0;28;288;747.798
cuda1;8000;0;28;289;736.8
cuda1;8000;0;28;290;747.798
cuda1;8000;0;28;291;737.8
cuda1;8000;0;28;292;740.8
cuda1;8000;0;28;293;738.8
cuda1;8000;0;28;294;741.799
cuda1;8000;0;28;295;746.798
cuda1;8000;0;28;296;738.8
cuda1;8000;0;27;297;746.798
cuda1;8000;0;27;298;744.798
cuda1;8000;0;27;299;736.801
cuda1;8000;0;27;300;737.801
cuda1;8000;0;27;301;738.8
cuda1;8000;0;27;302;748.797
cuda1;8000;0;27;303;739.8
cuda1;8000;0;27;304;738.8
cuda1;8000;0;27;305;738.8
cuda1;8000;0;27;306;744.798
cuda1;8000;0;27;307;748.797
cuda1;8000;0;26;308;738.8
cuda1;8000;0;26;309;743.799
cuda1;8000;0;26;310;747.797
cuda1;8000;0;26;311;738.8
cuda1;8000;0;26;312;745.798
cuda1;8000;0;26;313;739.799
cuda1;8000;0;26;314;747.798
cuda1;8000;0;26;315;747.798
cuda1;8000;0;26;316;747.798
cuda1;8000;0;26;317;749.797
cuda1;8000;0;26;318;738.8
cuda1;8000;0;26;319;748.797
cuda1;8000;0;25;320;737.801
cuda1;8000;0;25;321;746.798
cuda1;8000;0;25;322;742.799
cuda1;8000;0;25;323;740.799
cuda1;8000;0;25;324;746.798
cuda1;8000;0;25;325;740.8
cuda1;8000;0;25;326;740.8
cuda1;8000;0;25;327;742.799
cuda1;8000;0;25;328;744.798
cuda1;8000;0;25;329;748.797
cuda1;8000;0;25;330;741.799
cuda1;8000;0;25;331;736.801
cuda1;8000;0;25;332;749.797
cuda1;8000;0;25;333;736.8
cuda1;8000;0;24;334;744.798
cuda1;8000;0;24;335;739.8
cuda1;8000;0;24;336;743.798
cuda1;8000;0;24;337;737.8
cuda1;8000;0;24;338;742.799
cuda1;8000;0;24;339;741.799
cuda1;8000;0;24;340;739.8
cuda1;8000;0;24;341;741.799
cuda1;8000;0;24;342;738.8
cuda1;8000;0;24;343;738.8
cuda1;8000;0;24;344;736.801
cuda1;8000;0;24;345;737.8
cuda1;8000;0;24;346;738.8
cuda1;8000;0;24;347;739.799
cuda1;8000;0;23;348;740.799
cuda1;8000;0;23;349;748.798
cuda1;8000;0;23;350;737.8
cuda1;8000;0;23;351;740.8
cuda1;8000;0;23;352;740.799
cuda1;8000;0;23;353;741.799
cuda1;8000;0;23;354;744.798
cuda1;8000;0;23;355;737.8
cuda1;8000;0;23;356;739.8
cuda1;8000;0;23;357;740.8
cuda1;8000;0;23;358;747.797
cuda1;8000;0;23;359;748.797
cuda1;8000;0;23;360;739.799
cuda1;8000;0;23;361;750.797
cuda1;8000;0;23;362;745.798
cuda1;8000;0;23;363;741.799
cuda1;8000;0;22;364;744.798
cuda1;8000;0;22;365;743.798
cuda1;8000;0;22;366;740.799
cuda1;8000;0;22;367;741.8
cuda1;8000;0;22;368;741.799
cuda1;8000;0;22;369;746.798
cuda1;8000;0;22;370;748.797
cuda1;8000;0;22;371;737.8
cuda1;8000;0;22;372;746.798
cuda1;8000;0;22;373;748.797
cuda1;8000;0;22;374;744.799
cuda1;8000;0;22;375;738.801
cuda1;8000;0;22;376;740.8
cuda1;8000;0;22;377;741.799
cuda1;8000;0;22;378;750.797
cuda1;8000;0;22;379;742.799
cuda1;8000;0;22;380;740.799
cuda1;8000;0;21;381;754.796
cuda1;8000;0;21;382;739.8
cuda1;8000;0;21;383;738.8
cuda1;8000;0;21;384;739.8
cuda1;8000;0;21;385;740.8
cuda1;8000;0;21;386;742.799
cuda1;8000;0;21;387;742.799
cuda1;8000;0;21;388;737.8
cuda1;8000;0;21;389;741.8
cuda1;8000;0;21;390;750.797
cuda1;8000;0;21;391;751.797
cuda1;8000;0;21;392;745.798
cuda1;8000;0;21;393;745.798
cuda1;8000;0;21;394;750.797
cuda1;8000;0;21;395;742.799
cuda1;8000;0;21;396;752.797
cuda1;8000;0;21;397;740.799
cuda1;8000;0;21;398;738.8
cuda1;8000;0;21;399;750.796
cuda1;8000;0;20;400;750.797
cuda1;8000;0;20;401;741.799
cuda1;8000;0;20;402;751.797
cuda1;8000;0;20;403;754.796
cuda1;8000;0;20;404;750.796
cuda1;8000;0;20;405;746.798
cuda1;8000;0;20;406;741.799
cuda1;8000;0;20;407;744.798
cuda1;8000;0;20;408;740.8
cuda1;8000;0;20;409;750.797
cuda1;8000;0;20;410;744.798
cuda1;8000;0;20;411;738.801
cuda1;8000;0;20;412;745.798
cuda1;8000;0;20;413;741.799
cuda1;8000;0;20;414;750.797
cuda1;8000;0;20;415;742.799
cuda1;8000;0;20;416;753.797
cuda1;8000;0;20;417;751.796
cuda1;8000;0;20;418;743.799
cuda1;8000;0;20;419;742.799
cuda1;8000;0;20;420;746.798
cuda1;8000;0;20;421;753.796
cuda1;8000;0;19;422;744.798
cuda1;8000;0;19;423;742.799
cuda1;8000;0;19;424;752.797
cuda1;8000;0;19;425;751.796
cuda1;8000;0;19;426;740.8
cuda1;8000;0;19;427;752.796
cuda1;8000;0;19;428;742.799
cuda1;8000;0;19;429;743.799
cuda1;8000;0;19;430;747.798
cuda1;8000;0;19;431;740.8
cuda1;8000;0;19;432;747.798
cuda1;8000;0;19;433;740.8
cuda1;8000;0;19;434;741.8
cuda1;8000;0;19;435;744.798
cuda1;8000;0;19;436;742.799
cuda1;8000;0;19;437;742.799
cuda1;8000;0;19;438;743.799
cuda1;8000;0;19;439;746.798
cuda1;8000;0;19;440;745.798
cuda1;8000;0;19;441;753.797
cuda1;8000;0;19;442;743.799
cuda1;8000;0;19;443;752.796
cuda1;8000;0;19;444;748.797
cuda1;8000;0;18;445;748.798
cuda1;8000;0;18;446;740.799
cuda1;8000;0;18;447;754.796
cuda1;8000;0;18;448;740.799
cuda1;8000;0;18;449;744.799
cuda1;8000;0;18;450;746.798
cuda1;8000;0;18;451;748.797
cuda1;8000;0;18;452;743.798
cuda1;8000;0;18;453;742.799
cuda1;8000;0;18;454;744.798
cuda1;8000;0;18;455;743.798
cuda1;8000;0;18;456;741.799
cuda1;8000;0;18;457;745.798
cuda1;8000;0;18;458;750.797
cuda1;8000;0;18;459;743.799
cuda1;8000;0;18;460;744.799
cuda1;8000;0;18;461;745.799
cuda1;8000;0;18;462;742.799
cuda1;8000;0;18;463;742.799
cuda1;8000;0;18;464;742.799
cuda1;8000;0;18;465;743.799
cuda1;8000;0;18;466;745.798
cuda1;8000;0;18;467;741.8
cuda1;8000;0;18;468;750.797
cuda1;8000;0;18;469;747.797
cuda1;8000;0;18;470;742.799
cuda1;8000;0;17;471;750.797
cuda1;8000;0;17;472;745.799
cuda1;8000;0;17;473;750.796
cuda1;8000;0;17;474;744.799
cuda1;8000;0;17;475;753.796
cuda1;8000;0;17;476;744.799
cuda1;8000;0;17;477;750.797
cuda1;8000;0;17;478;751.796
cuda1;8000;0;17;479;744.799
cuda1;8000;0;17;480;752.797
cuda1;8000;0;17;481;756.795
cuda1;8000;0;17;482;755.796
cuda1;8000;0;17;483;745.798
cuda1;8000;0;17;484;746.798
cuda1;8000;0;17;485;744.799
cuda1;8000;0;17;486;754.796
cuda1;8000;0;17;487;743.798
cuda1;8000;0;17;488;755.796
cuda1;8000;0;17;489;743.798
cuda1;8000;0;17;490;743.799
cuda1;8000;0;17;491;742.799
cuda1;8000;0;17;492;748.797
cuda1;8000;0;17;493;756.795
cuda1;8000;0;17;494;745.798
cuda1;8000;0;17;495;753.796
cuda1;8000;0;17;496;749.797
cuda1;8000;0;17;497;746.798
cuda1;8000;0;17;498;755.796
cuda1;8000;0;17;499;744.798
cuda1;8000;0;16;500;752.796
cuda1;8000;0;16;501;749.797
cuda1;8000;0;16;502;742.799
cuda1;8000;0;16;503;743.799
cuda1;8000;0;16;504;740.799
cuda1;8000;0;16;505;746.798
cuda1;8000;0;16;506;745.798
cuda1;8000;0;16;507;746.798
cuda1;8000;0;16;508;756.795
cuda1;8000;0;16;509;743.798
cuda1;8000;0;16;510;745.798
cuda1;8000;0;16;511;747.798
cuda1;8000;0;16;512;745.798
cuda1;8000;0;16;513;752.796
cuda1;8000;0;16;514;740.8
cuda1;8000;0;16;515;751.796
cuda1;8000;0;16;516;745.799
cuda1;8000;0;16;517;741.8
cuda1;8000;0;16;518;741.8
cuda1;8000;0;16;519;740.799
cuda1;8000;0;16;520;739.8
cuda1;8000;0;16;521;738.8
cuda1;8000;0;16;522;741.799
cuda1;8000;0;16;523;739.8
cuda1;8000;0;16;524;744.799
cuda1;8000;0;16;525;743.799
cuda1;8000;0;16;526;740.8
cuda1;8000;0;16;527;740.8
cuda1;8000;0;16;528;738.8
cuda1;8000;0;16;529;744.798
cuda1;8000;0;16;530;750.796
cuda1;8000;0;16;531;750.797
cuda1;8000;0;16;532;744.798
cuda1;8000;0;16;533;738.8
cuda1;8000;0;15;534;739.8
cuda1;8000;0;15;535;746.798
cuda1;8000;0;15;536;740.8
cuda1;8000;0;15;537;744.798
cuda1;8000;0;15;538;745.799
cuda1;8000;0;15;539;739.8
cuda1;8000;0;15;540;733.801
cuda1;8000;0;15;541;748.797
cuda1;8000;0;15;542;746.798
cuda1;8000;0;15;543;737.8
cuda1;8000;0;15;544;743.799
cuda1;8000;0;15;545;733.801
cuda1;8000;0;15;546;736.801
cuda1;8000;0;15;547;734.801
cuda1;8000;0;15;548;742.799
cuda1;8000;0;15;549;744.799
cuda1;8000;0;15;550;735.801
cuda1;8000;0;15;551;736.801
cuda1;8000;0;15;552;736.801
cuda1;8000;0;15;553;737.801
cuda1;8000;0;15;554;737.8
cuda1;8000;0;15;555;736.801
cuda1;8000;0;15;556;746.798
cuda1;8000;0;15;557;743.799
cuda1;8000;0;15;558;734.801
cuda1;8000;0;15;559;736.801
cuda1;8000;0;15;560;739.799
cuda1;8000;0;15;561;743.799
cuda1;8000;0;15;562;734.801
cuda1;8000;0;15;563;746.798
cuda1;8000;0;15;564;737.8
cuda1;8000;0;15;565;746.798
cuda1;8000;0;15;566;736.801
cuda1;8000;0;15;567;733.801
cuda1;8000;0;15;568;732.801
cuda1;8000;0;15;569;735.801
cuda1;8000;0;15;570;737.8
cuda1;8000;0;15;571;746.798
cuda1;8000;0;14;572;745.799
cuda1;8000;0;14;573;743.799
cuda1;8000;0;14;574;746.798
cuda1;8000;0;14;575;741.799
cuda1;8000;0;14;576;733.802
cuda1;8000;0;14;577;739.8
cuda1;8000;0;14;578;737.801
cuda1;8000;0;14;579;748.798
cuda1;8000;0;14;580;737.8
cuda1;8000;0;14;581;737.8
cuda1;8000;0;14;582;743.798
cuda1;8000;0;14;583;737.801
cuda1;8000;0;14;584;738.8
cuda1;8000;0;14;585;744.799
cuda1;8000;0;14;586;737.8
cuda1;8000;0;14;587;743.799
cuda1;8000;0;14;588;748.798
cuda1;8000;0;14;589;734.801
cuda1;8000;0;14;590;733.802
cuda1;8000;0;14;591;738.801
cuda1;8000;0;14;592;735.8
cuda1;8000;0;14;593;743.799
cuda1;8000;0;14;594;738.8
cuda1;8000;0;14;595;740.8
cuda1;8000;0;14;596;737.8
cuda1;8000;0;14;597;746.798
cuda1;8000;0;14;598;735.801
cuda1;8000;0;14;599;747.797
cuda1;8000;0;14;600;736.801
cuda1;8000;0;14;601;734.801
cuda1;8000;0;14;602;736.8
cuda1;8000;0;14;603;738.801
cuda1;8000;0;14;604;737.801
cuda1;8000;0;14;605;740.799
cuda1;8000;0;14;606;747.798
cuda1;8000;0;14;607;746.798
cuda1;8000;0;14;608;747.798
cuda1;8000;0;14;609;737.801
cuda1;8000;0;14;610;746.797
cuda1;8000;0;14;611;746.798
cuda1;8000;0;14;612;748.797
cuda1;8000;0;14;613;736.801
cuda1;8000;0;14;614;740.8
cuda1;8000;0;14;615;747.798
cuda1;8000;0;13;616;733.802
cuda1;8000;0;13;617;750.797
cuda1;8000;0;13;618;742.8
cuda1;8000;0;13;619;746.798
cuda1;8000;0;13;620;735.801
cuda1;8000;0;13;621;743.799
cuda1;8000;0;13;622;736.801
cuda1;8000;0;13;623;747.798
cuda1;8000;0;13;624;736.8
cuda1;8000;0;13;625;745.798
cuda1;8000;0;13;626;736.8
cuda1;8000;0;13;627;738.8
cuda1;8000;0;13;628;738.8
cuda1;8000;0;13;629;736.801
cuda1;8000;0;13;630;747.798
cuda1;8000;0;13;631;739.8
cuda1;8000;0;13;632;739.799
cuda1;8000;0;13;633;748.797
cuda1;8000;0;13;634;736.8
cuda1;8000;0;13;635;738.8
cuda1;8000;0;13;636;736.8
cuda1;8000;0;13;637;739.799
cuda1;8000;0;13;638;737.801
cuda1;8000;0;13;639;738.8
cuda1;8000;0;13;640;737.8
cuda1;8000;0;13;641;740.8
cuda1;8000;0;13;642;745.798
cuda1;8000;0;13;643;749.798
cuda1;8000;0;13;644;747.798
cuda1;8000;0;13;645;737.8
cuda1;8000;0;13;646;749.797
cuda1;8000;0;13;647;742.799
cuda1;8000;0;13;648;747.798
cuda1;8000;0;13;649;749.797
cuda1;8000;0;13;650;746.798
cuda1;8000;0;13;651;741.799
cuda1;8000;0;13;652;741.799
cuda1;8000;0;13;653;740.8
cuda1;8000;0;13;654;742.799
cuda1;8000;0;13;655;750.797
cuda1;8000;0;13;656;737.8
cuda1;8000;0;13;657;747.797
cuda1;8000;0;13;658;739.8
cuda1;8000;0;13;659;748.797
cuda1;8000;0;13;660;737.8
cuda1;8000;0;13;661;739.8
cuda1;8000;0;13;662;746.798
cuda1;8000;0;13;663;741.799
cuda1;8000;0;13;664;739.8
cuda1;8000;0;13;665;739.8
cuda1;8000;0;13;666;738.8
cuda1;8000;0;12;667;737.8
cuda1;8000;0;12;668;735.801
cuda1;8000;0;12;669;744.799
cuda1;8000;0;12;670;747.798
cuda1;8000;0;12;671;738.8
cuda1;8000;0;12;672;747.798
cuda1;8000;0;12;673;735.801
cuda1;8000;0;12;674;751.797
cuda1;8000;0;12;675;739.799
cuda1;8000;0;12;676;737.801
cuda1;8000;0;12;677;749.797
cuda1;8000;0;12;678;749.797
cuda1;8000;0;12;679;746.798
cuda1;8000;0;12;680;740.8
cuda1;8000;0;12;681;743.798
cuda1;8000;0;12;682;737.8
cuda1;8000;0;12;683;742.799
cuda1;8000;0;12;684;752.797
cuda1;8000;0;12;685;737.801
cuda1;8000;0;12;686;742.799
cuda1;8000;0;12;687;738.8
cuda1;8000;0;12;688;739.8
cuda1;8000;0;12;689;742.799
cuda1;8000;0;12;690;737.8
cuda1;8000;0;12;691;749.797
cuda1;8000;0;12;692;738.8
cuda1;8000;0;12;693;738.8
cuda1;8000;0;12;694;739.8
cuda1;8000;0;12;695;749.797
cuda1;8000;0;12;696;738.8
cuda1;8000;0;12;697;735.801
cuda1;8000;0;12;698;740.8
cuda1;8000;0;12;699;739.8
cuda1;8000;0;12;700;736.801
cuda1;8000;0;12;701;745.798
cuda1;8000;0;12;702;742.799
cuda1;8000;0;12;703;750.797
cuda1;8000;0;12;704;743.799
cuda1;8000;0;12;705;750.797
cuda1;8000;0;12;706;750.797
cuda1;8000;0;12;707;741.8
cuda1;8000;0;12;708;739.8
cuda1;8000;0;12;709;737.801
cuda1;8000;0;12;710;740.8
cuda1;8000;0;12;711;745.798
cuda1;8000;0;12;712;738.8
cuda1;8000;0;12;713;741.799
cuda1;8000;0;12;714;751.797
cuda1;8000;0;12;715;736.801
cuda1;8000;0;12;716;741.8
cuda1;8000;0;12;717;741.799
cuda1;8000;0;12;718;749.797
cuda1;8000;0;12;719;740.8
cuda1;8000;0;12;720;750.797
cuda1;8000;0;12;721;737.8
cuda1;8000;0;12;722;749.797
cuda1;8000;0;12;723;748.798
cuda1;8000;0;12;724;738.8
cuda1;8000;0;12;725;747.797
cuda1;8000;0;12;726;749.797
cuda1;8000;0;12;727;742.799
cuda1;8000;0;11;728;742.799
cuda1;8000;0;11;729;750.797
cuda1;8000;0;11;730;739.8
cuda1;8000;0;11;731;746.798
cuda1;8000;0;11;732;742.799
cuda1;8000;0;11;733;752.797
cuda1;8000;0;11;734;738.801
cuda1;8000;0;11;735;739.799
cuda1;8000;0;11;736;747.798
cuda1;8000;0;11;737;743.799
cuda1;8000;0;11;738;750.797
cuda1;8000;0;11;739;741.799
cuda1;8000;0;11;740;742.799
cuda1;8000;0;11;741;739.799
cuda1;8000;0;11;742;750.797
cuda1;8000;0;11;743;750.797
cuda1;8000;0;11;744;746.798
cuda1;8000;0;11;745;741.799
cuda1;8000;0;11;746;751.797
cuda1;8000;0;11;747;750.797
cuda1;8000;0;11;748;742.799
cuda1;8000;0;11;749;739.8
cuda1;8000;0;11;750;738.8
cuda1;8000;0;11;751;741.8
cuda1;8000;0;11;752;750.797
cuda1;8000;0;11;753;744.799
cuda1;8000;0;11;754;749.797
cuda1;8000;0;11;755;738.8
cuda1;8000;0;11;756;745.798
cuda1;8000;0;11;757;748.798
cuda1;8000;0;11;758;740.799
cuda1;8000;0;11;759;751.797
cuda1;8000;0;11;760;740.799
cuda1;8000;0;11;761;745.798
cuda1;8000;0;11;762;744.799
cuda1;8000;0;11;763;750.797
cuda1;8000;0;11;764;745.799
cuda1;8000;0;11;765;738.8
cuda1;8000;0;11;766;740.799
cuda1;8000;0;11;767;737.8
cuda1;8000;0;11;768;739.8
cuda1;8000;0;11;769;740.799
cuda1;8000;0;11;770;754.795
cuda1;8000;0;11;771;752.796
cuda1;8000;0;11;772;740.799
cuda1;8000;0;11;773;749.797
cuda1;8000;0;11;774;740.8
cuda1;8000;0;11;775;751.796
cuda1;8000;0;11;776;740.8
cuda1;8000;0;11;777;737.8
cuda1;8000;0;11;778;741.799
cuda1;8000;0;11;779;751.797
cuda1;8000;0;11;780;747.798
cuda1;8000;0;11;781;753.796
cuda1;8000;0;11;782;741.8
cuda1;8000;0;11;783;740.8
cuda1;8000;0;11;784;739.8
cuda1;8000;0;11;785;742.799
cuda1;8000;0;11;786;748.798
cuda1;8000;0;11;787;753.796
cuda1;8000;0;11;788;747.798
cuda1;8000;0;11;789;745.799
cuda1;8000;0;11;790;751.797
cuda1;8000;0;11;791;756.795
cuda1;8000;0;11;792;740.799
cuda1;8000;0;11;793;742.799
cuda1;8000;0;11;794;741.799
cuda1;8000;0;11;795;744.798
cuda1;8000;0;11;796;751.797
cuda1;8000;0;11;797;740.799
cuda1;8000;0;11;798;742.799
cuda1;8000;0;11;799;743.799
cuda1;8000;0;10;800;738.8
cuda1;8000;0;10;801;741.799
cuda1;8000;0;10;802;746.798
cuda1;8000;0;10;803;747.798
cuda1;8000;0;10;804;752.797
cuda1;8000;0;10;805;740.8
cuda1;8000;0;10;806;751.797
cuda1;8000;0;10;807;751.797
cuda1;8000;0;10;808;749.797
cuda1;8000;0;10;809;740.8
cuda1;8000;0;10;810;739.8
cuda1;8000;0;10;811;742.799
cuda1;8000;0;10;812;738.801
cuda1;8000;0;10;813;741.799
cuda1;8000;0;10;814;739.8
cuda1;8000;0;10;815;749.797
cuda1;8000;0;10;816;741.799
cuda1;8000;0;10;817;741.799
cuda1;8000;0;10;818;747.798
cuda1;8000;0;10;819;752.796
cuda1;8000;0;10;820;747.798
cuda1;8000;0;10;821;741.799
cuda1;8000;0;10;822;740.8
cuda1;8000;0;10;823;752.796
cuda1;8000;0;10;824;750.797
cuda1;8000;0;10;825;747.798
cuda1;8000;0;10;826;752.796
cuda1;8000;0;10;827;749.797
cuda1;8000;0;10;828;746.798
cuda1;8000;0;10;829;749.797
cuda1;8000;0;10;830;740.799
cuda1;8000;0;10;831;749.797
cuda1;8000;0;10;832;738.801
cuda1;8000;0;10;833;744.798
cuda1;8000;0;10;834;748.797
cuda1;8000;0;10;835;748.798
cuda1;8000;0;10;836;741.799
cuda1;8000;0;10;837;753.796
cuda1;8000;0;10;838;745.798
cuda1;8000;0;10;839;747.797
cuda1;8000;0;10;840;750.797
cuda1;8000;0;10;841;741.8
cuda1;8000;0;10;842;745.799
cuda1;8000;0;10;843;739.8
cuda1;8000;0;10;844;743.798
cuda1;8000;0;10;845;749.798
cuda1;8000;0;10;846;742.799
cuda1;8000;0;10;847;751.796
cuda1;8000;0;10;848;740.8
cuda1;8000;0;10;849;751.797
cuda1;8000;0;10;850;747.798
cuda1;8000;0;10;851;740.799
cuda1;8000;0;10;852;752.796
cuda1;8000;0;10;853;747.798
cuda1;8000;0;10;854;750.797
cuda1;8000;0;10;855;742.799
cuda1;8000;0;10;856;741.8
cuda1;8000;0;10;857;751.796
cuda1;8000;0;10;858;753.796
cuda1;8000;0;10;859;749.798
cuda1;8000;0;10;860;749.797
cuda1;8000;0;10;861;745.798
cuda1;8000;0;10;862;743.799
cuda1;8000;0;10;863;752.796
cuda1;8000;0;10;864;742.799
cuda1;8000;0;10;865;745.799
cuda1;8000;0;10;866;752.796
cuda1;8000;0;10;867;740.799
cuda1;8000;0;10;868;748.797
cuda1;8000;0;10;869;752.797
cuda1;8000;0;10;870;741.8
cuda1;8000;0;10;871;743.799
cuda1;8000;0;10;872;742.799
cuda1;8000;0;10;873;743.799
cuda1;8000;0;10;874;753.796
cuda1;8000;0;10;875;2518.69
cuda1;8000;0;10;876;748.798
cuda1;8000;0;10;877;747.798
cuda1;8000;0;10;878;751.796
cuda1;8000;0;10;879;753.796
cuda1;8000;0;10;880;742.8
cuda1;8000;0;10;881;743.799
cuda1;8000;0;10;882;750.797
cuda1;8000;0;10;883;743.799
cuda1;8000;0;10;884;746.798
cuda1;8000;0;10;885;745.799
cuda1;8000;0;10;886;753.796
cuda1;8000;0;10;887;747.798
cuda1;8000;0;10;888;748.798
cuda1;8000;0;9;889;743.799
cuda1;8000;0;9;890;753.797
cuda1;8000;0;9;891;744.798
cuda1;8000;0;9;892;757.795
cuda1;8000;0;9;893;747.798
cuda1;8000;0;9;894;741.8
cuda1;8000;0;9;895;755.796
cuda1;8000;0;9;896;752.797
cuda1;8000;0;9;897;740.799
cuda1;8000;0;9;898;752.797
cuda1;8000;0;9;899;755.796
cuda1;8000;0;9;900;746.798
cuda1;8000;0;9;901;756.796
cuda1;8000;0;9;902;745.799
cuda1;8000;0;9;903;744.799
cuda1;8000;0;9;904;745.799
cuda1;8000;0;9;905;744.799
cuda1;8000;0;9;906;753.796
cuda1;8000;0;9;907;743.799
cuda1;8000;0;9;908;744.798
cuda1;8000;0;9;909;745.798
cuda1;8000;0;9;910;741.8
cuda1;8000;0;9;911;745.798
cuda1;8000;0;9;912;748.798
cuda1;8000;0;9;913;753.796
cuda1;8000;0;9;914;745.798
cuda1;8000;0;9;915;745.798
cuda1;8000;0;9;916;755.796
cuda1;8000;0;9;917;753.796
cuda1;8000;0;9;918;743.799
cuda1;8000;0;9;919;754.796
cuda1;8000;0;9;920;744.798
cuda1;8000;0;9;921;745.798
cuda1;8000;0;9;922;745.798
cuda1;8000;0;9;923;754.796
cuda1;8000;0;9;924;752.797
cuda1;8000;0;9;925;741.8
cuda1;8000;0;9;926;744.799
cuda1;8000;0;9;927;749.797
cuda1;8000;0;9;928;750.797
cuda1;8000;0;9;929;743.799
cuda1;8000;0;9;930;754.796
cuda1;8000;0;9;931;754.796
cuda1;8000;0;9;932;744.799
cuda1;8000;0;9;933;744.798
cuda1;8000;0;9;934;744.798
cuda1;8000;0;9;935;755.796
cuda1;8000;0;9;936;743.799
cuda1;8000;0;9;937;749.798
cuda1;8000;0;9;938;745.799
cuda1;8000;0;9;939;750.797
cuda1;8000;0;9;940;746.798
cuda1;8000;0;9;941;741.8
cuda1;8000;0;9;942;742.799
cuda1;8000;0;9;943;745.798
cuda1;8000;0;9;944;745.798
cuda1;8000;0;9;945;748.797
cuda1;8000;0;9;946;754.796
cuda1;8000;0;9;947;747.797
cuda1;8000;0;9;948;742.8
cuda1;8000;0;9;949;743.799
cuda1;8000;0;9;950;752.796
cuda1;8000;0;9;951;741.799
cuda1;8000;0;9;952;753.796
cuda1;8000;0;9;953;740.8
cuda1;8000;0;9;954;745.798
cuda1;8000;0;9;955;741.8
cuda1;8000;0;9;956;742.799
cuda1;8000;0;9;957;742.799
cuda1;8000;0;9;958;746.798
cuda1;8000;0;9;959;743.799
cuda1;8000;0;9;960;750.797
cuda1;8000;0;9;961;750.797
cuda1;8000;0;9;962;745.798
cuda1;8000;0;9;963;752.796
cuda1;8000;0;9;964;746.798
cuda1;8000;0;9;965;743.799
cuda1;8000;0;9;966;748.797
cuda1;8000;0;9;967;749.797
cuda1;8000;0;9;968;743.799
cuda1;8000;0;9;969;757.795
cuda1;8000;0;9;970;748.798
cuda1;8000;0;9;971;745.798
cuda1;8000;0;9;972;752.797
cuda1;8000;0;9;973;753.797
cuda1;8000;0;9;974;757.795
cuda1;8000;0;9;975;746.798
cuda1;8000;0;9;976;745.798
cuda1;8000;0;9;977;757.795
cuda1;8000;0;9;978;755.796
cuda1;8000;0;9;979;747.798
cuda1;8000;0;9;980;755.796
cuda1;8000;0;9;981;752.797
cuda1;8000;0;9;982;757.796
cuda1;8000;0;9;983;752.797
cuda1;8000;0;9;984;756.796
cuda1;8000;0;9;985;744.799
cuda1;8000;0;9;986;745.799
cuda1;8000;0;9;987;755.795
cuda1;8000;0;9;988;752.796
cuda1;8000;0;9;989;745.799
cuda1;8000;0;9;990;752.797
cuda1;8000;0;9;991;747.798
cuda1;8000;0;9;992;744.799
cuda1;8000;0;9;993;745.798
cuda1;8000;0;9;994;758.795
cuda1;8000;0;9;995;745.799
cuda1;8000;0;9;996;749.797
cuda1;8000;0;9;997;751.796
cuda1;8000;0;9;998;744.799
cuda1;8000;0;9;999;750.797
cuda1;8000;0;8;1000;746.798
cuda1;8000;0;8;1001;743.799
cuda1;8000;0;8;1002;745.798
cuda1;8000;0;8;1003;746.798
cuda1;8000;0;8;1004;750.797
cuda1;8000;0;8;1005;753.796
cuda1;8000;0;8;1006;757.795
cuda1;8000;0;8;1007;754.796
cuda1;8000;0;8;1008;750.797
cuda1;8000;0;8;1009;744.799
cuda1;8000;0;8;1010;743.799
cuda1;8000;0;8;1011;757.795
cuda1;8000;0;8;1012;744.799
cuda1;8000;0;8;1013;744.799
cuda1;8000;0;8;1014;757.796
cuda1;8000;0;8;1015;743.799
cuda1;8000;0;8;1016;744.799
cuda1;8000;0;8;1017;741.8
cuda1;8000;0;8;1018;759.795
cuda1;8000;0;8;1019;750.797
cuda1;8000;0;8;1020;746.798
cuda1;8000;0;8;1021;746.798
cuda1;8000;0;8;1022;756.796
cuda1;8000;0;8;1023;756.796
cuda1;8000;0;8;1024;744.799
cuda2;8000;0;8000;1;2179.41
cuda2;8000;0;4000;2;1448.61
cuda2;8000;0;2667;3;1218.67
cuda2;8000;0;2000;4;1098.7
cuda2;8000;0;1600;5;1029.72
cuda2;8000;0;1334;6;985.733
cuda2;8000;0;1143;7;938.746
cuda2;8000;0;1000;8;921.751
cuda2;8000;0;889;9;897.757
cuda2;8000;0;800;10;880.763
cuda2;8000;0;728;11;879.762
cuda2;8000;0;667;12;855.769
cuda2;8000;0;616;13;850.771
cuda2;8000;0;572;14;839.773
cuda2;8000;0;534;15;825.776
cuda2;8000;0;500;16;830.776
cuda2;8000;0;471;17;818.779
cuda2;8000;0;445;18;817.779
cuda2;8000;0;422;19;813.78
cuda2;8000;0;400;20;815.779
cuda2;8000;0;381;21;815.779
cuda2;8000;0;364;22;817.779
cuda2;8000;0;348;23;796.785
cuda2;8000;0;334;24;796.785
cuda2;8000;0;320;25;796.785
cuda2;8000;0;308;26;795.785
cuda2;8000;0;297;27;793.785
cuda2;8000;0;286;28;794.785
cuda2;8000;0;276;29;793.785
cuda2;8000;0;267;30;793.786
cuda2;8000;0;259;31;785.787
cuda2;8000;0;250;32;793.785
cuda2;8000;0;243;33;792.785
cuda2;8000;0;236;34;776.79
cuda2;8000;0;229;35;778.789
cuda2;8000;0;223;36;778.79
cuda2;8000;0;217;37;777.79
cuda2;8000;0;211;38;775.791
cuda2;8000;0;206;39;777.79
cuda2;8000;0;200;40;775.79
cuda2;8000;0;196;41;776.79
cuda2;8000;0;191;42;774.79
cuda2;8000;0;187;43;776.791
cuda2;8000;0;182;44;775.79
cuda2;8000;0;178;45;775.791
cuda2;8000;0;174;46;773.791
cuda2;8000;0;171;47;775.79
cuda2;8000;0;167;48;772.791
cuda2;8000;0;164;49;771.791
cuda2;8000;0;160;50;774.79
cuda2;8000;0;157;51;773.791
cuda2;8000;0;154;52;773.791
cuda2;8000;0;151;53;772.791
cuda2;8000;0;149;54;770.791
cuda2;8000;0;146;55;772.791
cuda2;8000;0;143;56;771.791
cuda2;8000;0;141;57;774.79
cuda2;8000;0;138;58;770.792
cuda2;8000;0;136;59;765.793
cuda2;8000;0;134;60;771.791
cuda2;8000;0;132;61;772.791
cuda2;8000;0;130;62;772.791
cuda2;8000;0;127;63;771.792
cuda2;8000;0;125;64;771.792
cuda2;8000;0;124;65;771.792
cuda2;8000;0;122;66;774.791
cuda2;8000;0;120;67;756.796
cuda2;8000;0;118;68;757.795
cuda2;8000;0;116;69;761.794
cuda2;8000;0;115;70;758.795
cuda2;8000;0;113;71;755.796
cuda2;8000;0;112;72;756.795
cuda2;8000;0;110;73;748.797
cuda2;8000;0;109;74;757.796
cuda2;8000;0;107;75;757.796
cuda2;8000;0;106;76;755.796
cuda2;8000;0;104;77;757.796
cuda2;8000;0;103;78;756.795
cuda2;8000;0;102;79;756.795
cuda2;8000;0;100;80;755.796
cuda2;8000;0;99;81;756.796
cuda2;8000;0;98;82;751.797
cuda2;8000;0;97;83;757.795
cuda2;8000;0;96;84;751.797
cuda2;8000;0;95;85;757.795
cuda2;8000;0;94;86;748.797
cuda2;8000;0;92;87;748.798
cuda2;8000;0;91;88;756.795
cuda2;8000;0;90;89;756.795
cuda2;8000;0;89;90;751.797
cuda2;8000;0;88;91;753.796
cuda2;8000;0;87;92;755.796
cuda2;8000;0;87;93;755.796
cuda2;8000;0;86;94;753.796
cuda2;8000;0;85;95;757.796
cuda2;8000;0;84;96;751.797
cuda2;8000;0;83;97;752.796
cuda2;8000;0;82;98;758.795
cuda2;8000;0;81;99;757.795
cuda2;8000;0;80;100;752.797
cuda2;8000;0;80;101;758.795
cuda2;8000;0;79;102;758.795
cuda2;8000;0;78;103;750.797
cuda2;8000;0;77;104;758.794
cuda2;8000;0;77;105;758.795
cuda2;8000;0;76;106;757.795
cuda2;8000;0;75;107;755.796
cuda2;8000;0;75;108;758.795
cuda2;8000;0;74;109;754.796
cuda2;8000;0;73;110;753.797
cuda2;8000;0;73;111;749.797
cuda2;8000;0;72;112;755.795
cuda2;8000;0;71;113;761.795
cuda2;8000;0;71;114;753.797
cuda2;8000;0;70;115;751.797
cuda2;8000;0;69;116;755.795
cuda2;8000;0;69;117;753.796
cuda2;8000;0;68;118;746.798
cuda2;8000;0;68;119;753.796
cuda2;8000;0;67;120;757.795
cuda2;8000;0;67;121;753.796
cuda2;8000;0;66;122;754.797
cuda2;8000;0;66;123;753.796
cuda2;8000;0;65;124;751.797
cuda2;8000;0;64;125;752.796
cuda2;8000;0;64;126;754.796
cuda2;8000;0;63;127;754.796
cuda2;8000;0;63;128;755.796
cuda2;8000;0;63;129;762.794
cuda2;8000;0;62;130;760.795
cuda2;8000;0;62;131;758.795
cuda2;8000;0;61;132;754.796
cuda2;8000;0;61;133;758.795
cuda2;8000;0;60;134;762.794
cuda2;8000;0;60;135;754.796
cuda2;8000;0;59;136;758.795
cuda2;8000;0;59;137;758.795
cuda2;8000;0;58;138;759.795
cuda2;8000;0;58;139;755.796
cuda2;8000;0;58;140;752.797
cuda2;8000;0;57;141;755.796
cuda2;8000;0;57;142;745.799
cuda2;8000;0;56;143;754.796
cuda2;8000;0;56;144;754.796
cuda2;8000;0;56;145;756.796
cuda2;8000;0;55;146;751.797
cuda2;8000;0;55;147;752.797
cuda2;8000;0;55;148;752.796
cuda2;8000;0;54;149;752.797
cuda2;8000;0;54;150;752.797
cuda2;8000;0;53;151;753.797
cuda2;8000;0;53;152;755.796
cuda2;8000;0;53;153;754.796
cuda2;8000;0;52;154;755.796
cuda2;8000;0;52;155;755.796
cuda2;8000;0;52;156;755.796
cuda2;8000;0;51;157;755.796
cuda2;8000;0;51;158;745.798
cuda2;8000;0;51;159;755.795
cuda2;8000;0;50;160;750.797
cuda2;8000;0;50;161;761.795
cuda2;8000;0;50;162;756.795
cuda2;8000;0;50;163;757.795
cuda2;8000;0;49;164;757.795
cuda2;8000;0;49;165;757.795
cuda2;8000;0;49;166;758.795
cuda2;8000;0;48;167;754.796
cuda2;8000;0;48;168;764.793
cuda2;8000;0;48;169;755.795
cuda2;8000;0;48;170;755.796
cuda2;8000;0;47;171;755.796
cuda2;8000;0;47;172;758.795
cuda2;8000;0;47;173;757.795
cuda2;8000;0;46;174;758.794
cuda2;8000;0;46;175;755.795
cuda2;8000;0;46;176;753.796
cuda2;8000;0;46;177;756.795
cuda2;8000;0;45;178;756.796
cuda2;8000;0;45;179;755.796
cuda2;8000;0;45;180;758.795
cuda2;8000;0;45;181;756.796
cuda2;8000;0;44;182;750.797
cuda2;8000;0;44;183;756.796
cuda2;8000;0;44;184;756.795
cuda2;8000;0;44;185;755.796
cuda2;8000;0;44;186;757.795
cuda2;8000;0;43;187;762.794
cuda2;8000;0;43;188;762.794
cuda2;8000;0;43;189;756.795
cuda2;8000;0;43;190;760.795
cuda2;8000;0;42;191;747.798
cuda2;8000;0;42;192;745.799
cuda2;8000;0;42;193;756.796
cuda2;8000;0;42;194;755.796
cuda2;8000;0;42;195;757.795
cuda2;8000;0;41;196;745.799
cuda2;8000;0;41;197;752.796
cuda2;8000;0;41;198;745.799
cuda2;8000;0;41;199;754.796
cuda2;8000;0;40;200;758.795
cuda2;8000;0;40;201;756.795
cuda2;8000;0;40;202;752.796
cuda2;8000;0;40;203;749.798
cuda2;8000;0;40;204;755.796
cuda2;8000;0;40;205;753.796
cuda2;8000;0;39;206;755.795
cuda2;8000;0;39;207;757.795
cuda2;8000;0;39;208;751.797
cuda2;8000;0;39;209;755.796
cuda2;8000;0;39;210;753.797
cuda2;8000;0;38;211;754.796
cuda2;8000;0;38;212;758.795
cuda2;8000;0;38;213;759.795
cuda2;8000;0;38;214;754.797
cuda2;8000;0;38;215;755.796
cuda2;8000;0;38;216;754.796
cuda2;8000;0;37;217;748.798
cuda2;8000;0;37;218;753.797
cuda2;8000;0;37;219;754.796
cuda2;8000;0;37;220;752.797
cuda2;8000;0;37;221;754.796
cuda2;8000;0;37;222;755.796
cuda2;8000;0;36;223;753.796
cuda2;8000;0;36;224;747.798
cuda2;8000;0;36;225;756.796
cuda2;8000;0;36;226;755.795
cuda2;8000;0;36;227;757.795
cuda2;8000;0;36;228;755.796
cuda2;8000;0;35;229;754.796
cuda2;8000;0;35;230;749.798
cuda2;8000;0;35;231;756.795
cuda2;8000;0;35;232;754.796
cuda2;8000;0;35;233;755.796
cuda2;8000;0;35;234;757.795
cuda2;8000;0;35;235;755.795
cuda2;8000;0;34;236;755.795
cuda2;8000;0;34;237;757.795
cuda2;8000;0;34;238;753.797
cuda2;8000;0;34;239;754.796
cuda2;8000;0;34;240;745.798
cuda2;8000;0;34;241;757.795
cuda2;8000;0;34;242;756.795
cuda2;8000;0;33;243;751.797
cuda2;8000;0;33;244;756.796
cuda2;8000;0;33;245;750.797
cuda2;8000;0;33;246;758.795
cuda2;8000;0;33;247;756.796
cuda2;8000;0;33;248;759.794
cuda2;8000;0;33;249;748.797
cuda2;8000;0;32;250;755.795
cuda2;8000;0;32;251;749.797
cuda2;8000;0;32;252;758.795
cuda2;8000;0;32;253;752.797
cuda2;8000;0;32;254;754.796
cuda2;8000;0;32;255;757.796
cuda2;8000;0;32;256;754.796
cuda2;8000;0;32;257;760.794
cuda2;8000;0;32;258;761.794
cuda2;8000;0;31;259;759.795
cuda2;8000;0;31;260;759.794
cuda2;8000;0;31;261;762.794
cuda2;8000;0;31;262;757.795
cuda2;8000;0;31;263;758.795
cuda2;8000;0;31;264;759.795
cuda2;8000;0;31;265;762.793
cuda2;8000;0;31;266;750.797
cuda2;8000;0;30;267;758.795
cuda2;8000;0;30;268;757.795
cuda2;8000;0;30;269;753.796
cuda2;8000;0;30;270;762.794
cuda2;8000;0;30;271;756.796
cuda2;8000;0;30;272;752.797
cuda2;8000;0;30;273;755.796
cuda2;8000;0;30;274;759.794
cuda2;8000;0;30;275;753.796
cuda2;8000;0;29;276;752.797
cuda2;8000;0;29;277;755.796
cuda2;8000;0;29;278;758.795
cuda2;8000;0;29;279;755.796
cuda2;8000;0;29;280;757.795
cuda2;8000;0;29;281;753.796
cuda2;8000;0;29;282;755.796
cuda2;8000;0;29;283;753.796
cuda2;8000;0;29;284;748.798
cuda2;8000;0;29;285;756.796
cuda2;8000;0;28;286;752.797
cuda2;8000;0;28;287;750.797
cuda2;8000;0;28;288;751.796
cuda2;8000;0;28;289;756.796
cuda2;8000;0;28;290;749.798
cuda2;8000;0;28;291;752.797
cuda2;8000;0;28;292;754.796
cuda2;8000;0;28;293;752.797
cuda2;8000;0;28;294;755.796
cuda2;8000;0;28;295;754.796
cuda2;8000;0;28;296;751.797
cuda2;8000;0;27;297;754.796
cuda2;8000;0;27;298;753.797
cuda2;8000;0;27;299;755.796
cuda2;8000;0;27;300;754.796
cuda2;8000;0;27;301;749.797
cuda2;8000;0;27;302;752.796
cuda2;8000;0;27;303;755.796
cuda2;8000;0;27;304;754.796
cuda2;8000;0;27;305;754.796
cuda2;8000;0;27;306;752.797
cuda2;8000;0;27;307;748.798
cuda2;8000;0;26;308;753.797
cuda2;8000;0;26;309;755.796
cuda2;8000;0;26;310;757.795
cuda2;8000;0;26;311;754.796
cuda2;8000;0;26;312;757.795
cuda2;8000;0;26;313;754.796
cuda2;8000;0;26;314;753.797
cuda2;8000;0;26;315;754.796
cuda2;8000;0;26;316;748.797
cuda2;8000;0;26;317;755.796
cuda2;8000;0;26;318;753.797
cuda2;8000;0;26;319;757.795
cuda2;8000;0;25;320;739.8
cuda2;8000;0;25;321;750.798
cuda2;8000;0;25;322;754.796
cuda2;8000;0;25;323;756.795
cuda2;8000;0;25;324;756.796
cuda2;8000;0;25;325;752.797
cuda2;8000;0;25;326;749.798
cuda2;8000;0;25;327;755.796
cuda2;8000;0;25;328;750.797
cuda2;8000;0;25;329;753.796
cuda2;8000;0;25;330;755.796
cuda2;8000;0;25;331;752.796
cuda2;8000;0;25;332;757.795
cuda2;8000;0;25;333;756.795
cuda2;8000;0;24;334;754.796
cuda2;8000;0;24;335;753.796
cuda2;8000;0;24;336;759.795
cuda2;8000;0;24;337;754.797
cuda2;8000;0;24;338;754.796
cuda2;8000;0;24;339;757.795
cuda2;8000;0;24;340;750.798
cuda2;8000;0;24;341;754.796
cuda2;8000;0;24;342;747.798
cuda2;8000;0;24;343;754.796
cuda2;8000;0;24;344;752.797
cuda2;8000;0;24;345;754.797
cuda2;8000;0;24;346;755.796
cuda2;8000;0;24;347;754.796
cuda2;8000;0;23;348;755.795
cuda2;8000;0;23;349;754.796
cuda2;8000;0;23;350;758.795
cuda2;8000;0;23;351;754.797
cuda2;8000;0;23;352;754.796
cuda2;8000;0;23;353;760.795
cuda2;8000;0;23;354;756.795
cuda2;8000;0;23;355;751.797
cuda2;8000;0;23;356;757.795
cuda2;8000;0;23;357;750.798
cuda2;8000;0;23;358;756.796
cuda2;8000;0;23;359;756.796
cuda2;8000;0;23;360;751.796
cuda2;8000;0;23;361;755.796
cuda2;8000;0;23;362;757.795
cuda2;8000;0;23;363;755.796
cuda2;8000;0;22;364;757.795
cuda2;8000;0;22;365;747.797
cuda2;8000;0;22;366;758.795
cuda2;8000;0;22;367;755.796
cuda2;8000;0;22;368;748.798
cuda2;8000;0;22;369;756.796
cuda2;8000;0;22;370;756.796
cuda2;8000;0;22;371;757.795
cuda2;8000;0;22;372;755.796
cuda2;8000;0;22;373;760.794
cuda2;8000;0;22;374;760.795
cuda2;8000;0;22;375;751.797
cuda2;8000;0;22;376;757.795
cuda2;8000;0;22;377;757.795
cuda2;8000;0;22;378;754.796
cuda2;8000;0;22;379;750.798
cuda2;8000;0;22;380;757.795
cuda2;8000;0;21;381;756.795
cuda2;8000;0;21;382;761.794
cuda2;8000;0;21;383;756.796
cuda2;8000;0;21;384;747.798
cuda2;8000;0;21;385;754.796
cuda2;8000;0;21;386;758.795
cuda2;8000;0;21;387;749.798
cuda2;8000;0;21;388;759.795
cuda2;8000;0;21;389;758.795
cuda2;8000;0;21;390;758.795
cuda2;8000;0;21;391;757.795
cuda2;8000;0;21;392;758.795
cuda2;8000;0;21;393;750.797
cuda2;8000;0;21;394;759.795
cuda2;8000;0;21;395;760.794
cuda2;8000;0;21;396;759.795
cuda2;8000;0;21;397;758.795
cuda2;8000;0;21;398;756.795
cuda2;8000;0;21;399;758.795
cuda2;8000;0;20;400;752.797
cuda2;8000;0;20;401;759.795
cuda2;8000;0;20;402;758.795
cuda2;8000;0;20;403;756.795
cuda2;8000;0;20;404;758.795
cuda2;8000;0;20;405;758.795
cuda2;8000;0;20;406;756.795
cuda2;8000;0;20;407;758.795
cuda2;8000;0;20;408;758.795
cuda2;8000;0;20;409;759.795
cuda2;8000;0;20;410;760.794
cuda2;8000;0;20;411;755.796
cuda2;8000;0;20;412;758.795
cuda2;8000;0;20;413;757.795
cuda2;8000;0;20;414;757.796
cuda2;8000;0;20;415;758.795
cuda2;8000;0;20;416;756.795
cuda2;8000;0;20;417;757.796
cuda2;8000;0;20;418;753.797
cuda2;8000;0;20;419;759.795
cuda2;8000;0;20;420;760.794
cuda2;8000;0;20;421;760.795
cuda2;8000;0;19;422;760.794
cuda2;8000;0;19;423;750.797
cuda2;8000;0;19;424;760.794
cuda2;8000;0;19;425;755.796
cuda2;8000;0;19;426;763.793
cuda2;8000;0;19;427;760.795
cuda2;8000;0;19;428;760.794
cuda2;8000;0;19;429;761.795
cuda2;8000;0;19;430;760.794
cuda2;8000;0;19;431;760.794
cuda2;8000;0;19;432;761.795
cuda2;8000;0;19;433;761.794
cuda2;8000;0;19;434;761.794
cuda2;8000;0;19;435;759.795
cuda2;8000;0;19;436;759.794
cuda2;8000;0;19;437;759.795
cuda2;8000;0;19;438;759.794
cuda2;8000;0;19;439;759.794
cuda2;8000;0;19;440;761.794
cuda2;8000;0;19;441;760.795
cuda2;8000;0;19;442;760.795
cuda2;8000;0;19;443;759.794
cuda2;8000;0;19;444;754.796
cuda2;8000;0;18;445;760.795
cuda2;8000;0;18;446;758.795
cuda2;8000;0;18;447;760.794
cuda2;8000;0;18;448;758.795
cuda2;8000;0;18;449;762.793
cuda2;8000;0;18;450;758.794
cuda2;8000;0;18;451;760.794
cuda2;8000;0;18;452;762.794
cuda2;8000;0;18;453;755.796
cuda2;8000;0;18;454;762.794
cuda2;8000;0;18;455;762.794
cuda2;8000;0;18;456;760.795
cuda2;8000;0;18;457;760.794
cuda2;8000;0;18;458;761.794
cuda2;8000;0;18;459;751.796
cuda2;8000;0;18;460;760.794
cuda2;8000;0;18;461;762.794
cuda2;8000;0;18;462;761.794
cuda2;8000;0;18;463;762.794
cuda2;8000;0;18;464;761.794
cuda2;8000;0;18;465;760.794
cuda2;8000;0;18;466;752.796
cuda2;8000;0;18;467;763.793
cuda2;8000;0;18;468;756.795
cuda2;8000;0;18;469;762.794
cuda2;8000;0;18;470;760.794
cuda2;8000;0;17;471;761.794
cuda2;8000;0;17;472;761.794
cuda2;8000;0;17;473;764.793
cuda2;8000;0;17;474;760.794
cuda2;8000;0;17;475;760.794
cuda2;8000;0;17;476;760.794
cuda2;8000;0;17;477;760.795
cuda2;8000;0;17;478;760.795
cuda2;8000;0;17;479;765.793
cuda2;8000;0;17;480;758.795
cuda2;8000;0;17;481;764.793
cuda2;8000;0;17;482;756.796
cuda2;8000;0;17;483;761.794
cuda2;8000;0;17;484;763.794
cuda2;8000;0;17;485;762.794
cuda2;8000;0;17;486;764.794
cuda2;8000;0;17;487;758.795
cuda2;8000;0;17;488;765.793
cuda2;8000;0;17;489;765.793
cuda2;8000;0;17;490;762.794
cuda2;8000;0;17;491;762.794
cuda2;8000;0;17;492;764.794
cuda2;8000;0;17;493;751.797
cuda2;8000;0;17;494;763.793
cuda2;8000;0;17;495;762.794
cuda2;8000;0;17;496;751.797
cuda2;8000;0;17;497;763.794
cuda2;8000;0;17;498;763.793
cuda2;8000;0;17;499;764.794
cuda2;8000;0;16;500;760.795
cuda2;8000;0;16;501;760.795
cuda2;8000;0;16;502;762.794
cuda2;8000;0;16;503;760.794
cuda2;8000;0;16;504;769.792
cuda2;8000;0;16;505;763.794
cuda2;8000;0;16;506;762.794
cuda2;8000;0;16;507;763.793
cuda2;8000;0;16;508;763.794
cuda2;8000;0;16;509;763.794
cuda2;8000;0;16;510;766.793
cuda2;8000;0;16;511;757.795
cuda2;8000;0;16;512;762.794
cuda2;8000;0;16;513;761.794
cuda2;8000;0;16;514;760.794
cuda2;8000;0;16;515;761.795
cuda2;8000;0;16;516;758.795
cuda2;8000;0;16;517;759.795
cuda2;8000;0;16;518;757.795
cuda2;8000;0;16;519;757.795
cuda2;8000;0;16;520;750.797
cuda2;8000;0;16;521;754.796
cuda2;8000;0;16;522;758.795
cuda2;8000;0;16;523;759.795
cuda2;8000;0;16;524;755.796
cuda2;8000;0;16;525;753.796
cuda2;8000;0;16;526;756.796
cuda2;8000;0;16;527;757.795
cuda2;8000;0;16;528;754.796
cuda2;8000;0;16;529;758.795
cuda2;8000;0;16;530;748.798
cuda2;8000;0;16;531;755.796
cuda2;8000;0;16;532;754.796
cuda2;8000;0;16;533;755.796
cuda2;8000;0;15;534;749.798
cuda2;8000;0;15;535;750.797
cuda2;8000;0;15;536;751.797
cuda2;8000;0;15;537;753.796
cuda2;8000;0;15;538;749.797
cuda2;8000;0;15;539;749.798
cuda2;8000;0;15;540;753.796
cuda2;8000;0;15;541;746.798
cuda2;8000;0;15;542;749.797
cuda2;8000;0;15;543;747.798
cuda2;8000;0;15;544;752.797
cuda2;8000;0;15;545;754.797
cuda2;8000;0;15;546;753.796
cuda2;8000;0;15;547;748.797
cuda2;8000;0;15;548;752.797
cuda2;8000;0;15;549;759.795
cuda2;8000;0;15;550;751.797
cuda2;8000;0;15;551;751.797
cuda2;8000;0;15;552;755.795
cuda2;8000;0;15;553;751.796
cuda2;8000;0;15;554;754.797
cuda2;8000;0;15;555;752.797
cuda2;8000;0;15;556;753.796
cuda2;8000;0;15;557;744.798
cuda2;8000;0;15;558;753.797
cuda2;8000;0;15;559;754.796
cuda2;8000;0;15;560;747.798
cuda2;8000;0;15;561;741.8
cuda2;8000;0;15;562;752.797
cuda2;8000;0;15;563;753.797
cuda2;8000;0;15;564;756.796
cuda2;8000;0;15;565;748.798
cuda2;8000;0;15;566;745.799
cuda2;8000;0;15;567;752.797
cuda2;8000;0;15;568;751.797
cuda2;8000;0;15;569;755.796
cuda2;8000;0;15;570;747.798
cuda2;8000;0;15;571;754.796
cuda2;8000;0;14;572;752.797
cuda2;8000;0;14;573;750.797
cuda2;8000;0;14;574;743.799
cuda2;8000;0;14;575;754.796
cuda2;8000;0;14;576;750.797
cuda2;8000;0;14;577;757.796
cuda2;8000;0;14;578;754.796
cuda2;8000;0;14;579;746.798
cuda2;8000;0;14;580;755.796
cuda2;8000;0;14;581;751.797
cuda2;8000;0;14;582;755.795
cuda2;8000;0;14;583;755.796
cuda2;8000;0;14;584;745.799
cuda2;8000;0;14;585;749.797
cuda2;8000;0;14;586;754.796
cuda2;8000;0;14;587;747.798
cuda2;8000;0;14;588;752.797
cuda2;8000;0;14;589;753.796
cuda2;8000;0;14;590;751.796
cuda2;8000;0;14;591;752.797
cuda2;8000;0;14;592;755.796
cuda2;8000;0;14;593;748.798
cuda2;8000;0;14;594;754.796
cuda2;8000;0;14;595;750.797
cuda2;8000;0;14;596;755.796
cuda2;8000;0;14;597;745.798
cuda2;8000;0;14;598;753.796
cuda2;8000;0;14;599;753.796
cuda2;8000;0;14;600;754.797
cuda2;8000;0;14;601;747.798
cuda2;8000;0;14;602;755.795
cuda2;8000;0;14;603;746.798
cuda2;8000;0;14;604;754.796
cuda2;8000;0;14;605;754.796
cuda2;8000;0;14;606;755.796
cuda2;8000;0;14;607;755.795
cuda2;8000;0;14;608;752.796
cuda2;8000;0;14;609;753.796
cuda2;8000;0;14;610;756.795
cuda2;8000;0;14;611;752.797
cuda2;8000;0;14;612;756.796
cuda2;8000;0;14;613;754.796
cuda2;8000;0;14;614;754.796
cuda2;8000;0;14;615;752.797
cuda2;8000;0;13;616;754.796
cuda2;8000;0;13;617;757.795
cuda2;8000;0;13;618;753.796
cuda2;8000;0;13;619;752.797
cuda2;8000;0;13;620;755.796
cuda2;8000;0;13;621;750.797
cuda2;8000;0;13;622;756.796
cuda2;8000;0;13;623;755.795
cuda2;8000;0;13;624;746.798
cuda2;8000;0;13;625;756.795
cuda2;8000;0;13;626;754.796
cuda2;8000;0;13;627;753.797
cuda2;8000;0;13;628;753.796
cuda2;8000;0;13;629;754.796
cuda2;8000;0;13;630;751.797
cuda2;8000;0;13;631;755.796
cuda2;8000;0;13;632;755.796
cuda2;8000;0;13;633;754.796
cuda2;8000;0;13;634;755.796
cuda2;8000;0;13;635;753.796
cuda2;8000;0;13;636;748.797
cuda2;8000;0;13;637;754.796
cuda2;8000;0;13;638;755.795
cuda2;8000;0;13;639;755.796
cuda2;8000;0;13;640;747.797
cuda2;8000;0;13;641;756.795
cuda2;8000;0;13;642;749.798
cuda2;8000;0;13;643;757.795
cuda2;8000;0;13;644;756.796
cuda2;8000;0;13;645;755.795
cuda2;8000;0;13;646;756.796
cuda2;8000;0;13;647;754.796
cuda2;8000;0;13;648;757.796
cuda2;8000;0;13;649;752.796
cuda2;8000;0;13;650;754.796
cuda2;8000;0;13;651;753.797
cuda2;8000;0;13;652;756.795
cuda2;8000;0;13;653;746.798
cuda2;8000;0;13;654;756.795
cuda2;8000;0;13;655;753.796
cuda2;8000;0;13;656;756.796
cuda2;8000;0;13;657;758.795
cuda2;8000;0;13;658;756.796
cuda2;8000;0;13;659;756.795
cuda2;8000;0;13;660;756.795
cuda2;8000;0;13;661;756.796
cuda2;8000;0;13;662;754.796
cuda2;8000;0;13;663;756.796
cuda2;8000;0;13;664;756.796
cuda2;8000;0;13;665;752.797
cuda2;8000;0;13;666;749.797
cuda2;8000;0;12;667;756.795
cuda2;8000;0;12;668;754.796
cuda2;8000;0;12;669;744.798
cuda2;8000;0;12;670;754.796
cuda2;8000;0;12;671;754.796
cuda2;8000;0;12;672;753.797
cuda2;8000;0;12;673;757.795
cuda2;8000;0;12;674;760.794
cuda2;8000;0;12;675;756.795
cuda2;8000;0;12;676;755.796
cuda2;8000;0;12;677;744.799
cuda2;8000;0;12;678;751.797
cuda2;8000;0;12;679;756.796
cuda2;8000;0;12;680;756.795
cuda2;8000;0;12;681;760.795
cuda2;8000;0;12;682;752.797
cuda2;8000;0;12;683;756.795
cuda2;8000;0;12;684;756.796
cuda2;8000;0;12;685;756.795
cuda2;8000;0;12;686;755.796
cuda2;8000;0;12;687;758.795
cuda2;8000;0;12;688;756.795
cuda2;8000;0;12;689;755.796
cuda2;8000;0;12;690;756.796
cuda2;8000;0;12;691;755.796
cuda2;8000;0;12;692;754.796
cuda2;8000;0;12;693;753.796
cuda2;8000;0;12;694;747.798
cuda2;8000;0;12;695;754.796
cuda2;8000;0;12;696;754.796
cuda2;8000;0;12;697;755.795
cuda2;8000;0;12;698;754.796
cuda2;8000;0;12;699;742.799
cuda2;8000;0;12;700;755.796
cuda2;8000;0;12;701;756.795
cuda2;8000;0;12;702;746.798
cuda2;8000;0;12;703;756.796
cuda2;8000;0;12;704;746.798
cuda2;8000;0;12;705;757.795
cuda2;8000;0;12;706;762.794
cuda2;8000;0;12;707;760.795
cuda2;8000;0;12;708;757.795
cuda2;8000;0;12;709;755.796
cuda2;8000;0;12;710;758.795
cuda2;8000;0;12;711;755.796
cuda2;8000;0;12;712;757.795
cuda2;8000;0;12;713;755.796
cuda2;8000;0;12;714;755.796
cuda2;8000;0;12;715;750.798
cuda2;8000;0;12;716;757.795
cuda2;8000;0;12;717;756.796
cuda2;8000;0;12;718;757.795
cuda2;8000;0;12;719;749.798
cuda2;8000;0;12;720;759.795
cuda2;8000;0;12;721;755.796
cuda2;8000;0;12;722;757.795
cuda2;8000;0;12;723;748.798
cuda2;8000;0;12;724;757.795
cuda2;8000;0;12;725;755.796
cuda2;8000;0;12;726;756.796
cuda2;8000;0;12;727;751.797
cuda2;8000;0;11;728;746.798
cuda2;8000;0;11;729;757.795
cuda2;8000;0;11;730;758.795
cuda2;8000;0;11;731;758.795
cuda2;8000;0;11;732;756.795
cuda2;8000;0;11;733;747.798
cuda2;8000;0;11;734;756.796
cuda2;8000;0;11;735;756.796
cuda2;8000;0;11;736;756.795
cuda2;8000;0;11;737;754.796
cuda2;8000;0;11;738;754.796
cuda2;8000;0;11;739;756.796
cuda2;8000;0;11;740;750.797
cuda2;8000;0;11;741;750.797
cuda2;8000;0;11;742;753.796
cuda2;8000;0;11;743;755.796
cuda2;8000;0;11;744;754.796
cuda2;8000;0;11;745;757.795
cuda2;8000;0;11;746;756.795
cuda2;8000;0;11;747;753.796
cuda2;8000;0;11;748;756.795
cuda2;8000;0;11;749;752.796
cuda2;8000;0;11;750;757.795
cuda2;8000;0;11;751;751.797
cuda2;8000;0;11;752;758.795
cuda2;8000;0;11;753;752.797
cuda2;8000;0;11;754;800.784
cuda2;8000;0;11;755;758.795
cuda2;8000;0;11;756;901.757
cuda2;8000;0;11;757;757.795
cuda2;8000;0;11;758;758.795
cuda2;8000;0;11;759;758.795
cuda2;8000;0;11;760;757.795
cuda2;8000;0;11;761;797.785
cuda2;8000;0;11;762;751.797
cuda2;8000;0;11;763;756.795
cuda2;8000;0;11;764;749.798
cuda2;8000;0;11;765;760.794
cuda2;8000;0;11;766;758.795
cuda2;8000;0;11;767;757.796
cuda2;8000;0;11;768;755.795
cuda2;8000;0;11;769;758.795
cuda2;8000;0;11;770;759.794
cuda2;8000;0;11;771;748.797
cuda2;8000;0;11;772;755.795
cuda2;8000;0;11;773;766.793
cuda2;8000;0;11;774;754.797
cuda2;8000;0;11;775;751.797
cuda2;8000;0;11;776;759.795
cuda2;8000;0;11;777;733.802
cuda2;8000;0;11;778;755.795
cuda2;8000;0;11;779;762.794
cuda2;8000;0;11;780;757.796
cuda2;8000;0;11;781;759.794
cuda2;8000;0;11;782;759.794
cuda2;8000;0;11;783;752.796
cuda2;8000;0;11;784;763.794
cuda2;8000;0;11;785;764.793
cuda2;8000;0;11;786;750.797
cuda2;8000;0;11;787;760.795
cuda2;8000;0;11;788;758.795
cuda2;8000;0;11;789;760.794
cuda2;8000;0;11;790;759.795
cuda2;8000;0;11;791;762.794
cuda2;8000;0;11;792;747.798
cuda2;8000;0;11;793;760.794
cuda2;8000;0;11;794;761.794
cuda2;8000;0;11;795;774.79
cuda2;8000;0;11;796;757.795
cuda2;8000;0;11;797;758.795
cuda2;8000;0;11;798;756.796
cuda2;8000;0;11;799;902.756
cuda2;8000;0;10;800;758.795
cuda2;8000;0;10;801;755.796
cuda2;8000;0;10;802;761.794
cuda2;8000;0;10;803;757.796
cuda2;8000;0;10;804;761.794
cuda2;8000;0;10;805;760.795
cuda2;8000;0;10;806;753.796
cuda2;8000;0;10;807;752.797
cuda2;8000;0;10;808;747.798
cuda2;8000;0;10;809;755.795
cuda2;8000;0;10;810;752.796
cuda2;8000;0;10;811;762.794
cuda2;8000;0;10;812;763.793
cuda2;8000;0;10;813;755.796
cuda2;8000;0;10;814;759.794
cuda2;8000;0;10;815;761.794
cuda2;8000;0;10;816;767.792
cuda2;8000;0;10;817;762.794
cuda2;8000;0;10;818;820.778
cuda2;8000;0;10;819;752.797
cuda2;8000;0;10;820;758.795
cuda2;8000;0;10;821;759.795
cuda2;8000;0;10;822;750.797
cuda2;8000;0;10;823;746.798
cuda2;8000;0;10;824;753.796
cuda2;8000;0;10;825;759.795
cuda2;8000;0;10;826;758.795
cuda2;8000;0;10;827;759.795
cuda2;8000;0;10;828;759.794
cuda2;8000;0;10;829;748.797
cuda2;8000;0;10;830;759.795
cuda2;8000;0;10;831;757.795
cuda2;8000;0;10;832;755.796
cuda2;8000;0;10;833;763.794
cuda2;8000;0;10;834;754.796
cuda2;8000;0;10;835;750.797
cuda2;8000;0;10;836;763.794
cuda2;8000;0;10;837;762.794
cuda2;8000;0;10;838;762.794
cuda2;8000;0;10;839;753.796
cuda2;8000;0;10;840;755.795
cuda2;8000;0;10;841;764.793
cuda2;8000;0;10;842;765.793
cuda2;8000;0;10;843;762.794
cuda2;8000;0;10;844;762.794
cuda2;8000;0;10;845;761.794
cuda2;8000;0;10;846;761.794
cuda2;8000;0;10;847;763.794
cuda2;8000;0;10;848;760.795
cuda2;8000;0;10;849;762.794
cuda2;8000;0;10;850;761.795
cuda2;8000;0;10;851;762.794
cuda2;8000;0;10;852;753.797
cuda2;8000;0;10;853;761.794
cuda2;8000;0;10;854;753.796
cuda2;8000;0;10;855;761.794
cuda2;8000;0;10;856;761.795
cuda2;8000;0;10;857;752.796
cuda2;8000;0;10;858;762.794
cuda2;8000;0;10;859;753.797
cuda2;8000;0;10;860;754.796
cuda2;8000;0;10;861;761.794
cuda2;8000;0;10;862;759.795
cuda2;8000;0;10;863;764.793
cuda2;8000;0;10;864;756.796
cuda2;8000;0;10;865;756.796
cuda2;8000;0;10;866;764.793
cuda2;8000;0;10;867;763.793
cuda2;8000;0;10;868;761.794
cuda2;8000;0;10;869;757.795
cuda2;8000;0;10;870;761.794
cuda2;8000;0;10;871;760.794
cuda2;8000;0;10;872;762.794
cuda2;8000;0;10;873;760.795
cuda2;8000;0;10;874;761.794
cuda2;8000;0;10;875;761.794
cuda2;8000;0;10;876;762.794
cuda2;8000;0;10;877;761.794
cuda2;8000;0;10;878;759.794
cuda2;8000;0;10;879;761.794
cuda2;8000;0;10;880;761.794
cuda2;8000;0;10;881;759.795
cuda2;8000;0;10;882;757.795
cuda2;8000;0;10;883;761.794
cuda2;8000;0;10;884;761.794
cuda2;8000;0;10;885;762.794
cuda2;8000;0;10;886;758.795
cuda2;8000;0;10;887;747.798
cuda2;8000;0;10;888;754.796
cuda2;8000;0;9;889;751.797
cuda2;8000;0;9;890;753.796
cuda2;8000;0;9;891;764.794
cuda2;8000;0;9;892;756.795
cuda2;8000;0;9;893;752.796
cuda2;8000;0;9;894;764.793
cuda2;8000;0;9;895;749.798
cuda2;8000;0;9;896;759.795
cuda2;8000;0;9;897;763.794
cuda2;8000;0;9;898;754.797
cuda2;8000;0;9;899;762.794
cuda2;8000;0;9;900;762.794
cuda2;8000;0;9;901;761.794
cuda2;8000;0;9;902;762.794
cuda2;8000;0;9;903;763.794
cuda2;8000;0;9;904;761.794
cuda2;8000;0;9;905;762.794
cuda2;8000;0;9;906;762.794
cuda2;8000;0;9;907;764.793
cuda2;8000;0;9;908;762.794
cuda2;8000;0;9;909;763.794
cuda2;8000;0;9;910;757.795
cuda2;8000;0;9;911;754.796
cuda2;8000;0;9;912;762.794
cuda2;8000;0;9;913;761.794
cuda2;8000;0;9;914;762.794
cuda2;8000;0;9;915;762.794
cuda2;8000;0;9;916;756.795
cuda2;8000;0;9;917;763.794
cuda2;8000;0;9;918;764.793
cuda2;8000;0;9;919;757.795
cuda2;8000;0;9;920;763.793
cuda2;8000;0;9;921;763.794
cuda2;8000;0;9;922;764.793
cuda2;8000;0;9;923;762.794
cuda2;8000;0;9;924;762.794
cuda2;8000;0;9;925;757.796
cuda2;8000;0;9;926;763.794
cuda2;8000;0;9;927;762.794
cuda2;8000;0;9;928;761.794
cuda2;8000;0;9;929;762.794
cuda2;8000;0;9;930;767.793
cuda2;8000;0;9;931;762.794
cuda2;8000;0;9;932;761.794
cuda2;8000;0;9;933;755.796
cuda2;8000;0;9;934;758.795
cuda2;8000;0;9;935;763.793
cuda2;8000;0;9;936;753.796
cuda2;8000;0;9;937;765.794
cuda2;8000;0;9;938;761.795
cuda2;8000;0;9;939;751.797
cuda2;8000;0;9;940;764.793
cuda2;8000;0;9;941;761.794
cuda2;8000;0;9;942;758.794
cuda2;8000;0;9;943;763.793
cuda2;8000;0;9;944;762.794
cuda2;8000;0;9;945;755.796
cuda2;8000;0;9;946;763.793
cuda2;8000;0;9;947;763.793
cuda2;8000;0;9;948;757.795
cuda2;8000;0;9;949;765.793
cuda2;8000;0;9;950;763.793
cuda2;8000;0;9;951;764.793
cuda2;8000;0;9;952;756.795
cuda2;8000;0;9;953;760.795
cuda2;8000;0;9;954;763.793
cuda2;8000;0;9;955;764.794
cuda2;8000;0;9;956;754.796
cuda2;8000;0;9;957;763.793
cuda2;8000;0;9;958;761.794
cuda2;8000;0;9;959;762.794
cuda2;8000;0;9;960;759.795
cuda2;8000;0;9;961;764.794
cuda2;8000;0;9;962;757.795
cuda2;8000;0;9;963;761.794
cuda2;8000;0;9;964;763.794
cuda2;8000;0;9;965;766.793
cuda2;8000;0;9;966;762.794
cuda2;8000;0;9;967;764.794
cuda2;8000;0;9;968;758.795
cuda2;8000;0;9;969;755.796
cuda2;8000;0;9;970;763.793
cuda2;8000;0;9;971;764.793
cuda2;8000;0;9;972;763.794
cuda2;8000;0;9;973;765.793
cuda2;8000;0;9;974;765.794
cuda2;8000;0;9;975;760.794
cuda2;8000;0;9;976;764.794
cuda2;8000;0;9;977;764.793
cuda2;8000;0;9;978;762.794
cuda2;8000;0;9;979;766.793
cuda2;8000;0;9;980;766.793
cuda2;8000;0;9;981;765.793
cuda2;8000;0;9;982;761.794
cuda2;8000;0;9;983;763.794
cuda2;8000;0;9;984;754.796
cuda2;8000;0;9;985;765.793
cuda2;8000;0;9;986;765.793
cuda2;8000;0;9;987;763.794
cuda2;8000;0;9;988;766.792
cuda2;8000;0;9;989;759.795
cuda2;8000;0;9;990;766.793
cuda2;8000;0;9;991;762.794
cuda2;8000;0;9;992;754.796
cuda2;8000;0;9;993;763.793
cuda2;8000;0;9;994;755.796
cuda2;8000;0;9;995;764.793
cuda2;8000;0;9;996;766.793
cuda2;8000;0;9;997;761.794
cuda2;8000;0;9;998;755.796
cuda2;8000;0;9;999;763.794
cuda2;8000;0;8;1000;761.794
cuda2;8000;0;8;1001;763.794
cuda2;8000;0;8;1002;766.792
cuda2;8000;0;8;1003;765.793
cuda2;8000;0;8;1004;762.794
cuda2;8000;0;8;1005;763.794
cuda2;8000;0;8;1006;765.793
cuda2;8000;0;8;1007;756.796
cuda2;8000;0;8;1008;762.794
cuda2;8000;0;8;1009;770.792
cuda2;8000;0;8;1010;765.793
cuda2;8000;0;8;1011;764.793
cuda2;8000;0;8;1012;751.797
cuda2;8000;0;8;1013;762.794
cuda2;8000;0;8;1014;765.793
cuda2;8000;0;8;1015;765.793
cuda2;8000;0;8;1016;764.794
cuda2;8000;0;8;1017;769.792
cuda2;8000;0;8;1018;765.793
cuda2;8000;0;8;1019;766.792
cuda2;8000;0;8;1020;765.793
cuda2;8000;0;8;1021;765.793
cuda2;8000;0;8;1022;761.794
cuda2;8000;0;8;1023;765.793
cuda2;8000;0;8;1024;762.794
cuda3;8000;0;8000;1;3554.04
cuda3;8000;0;4000;2;1844.5
cuda3;8000;0;2667;3;1405.62
cuda3;8000;0;2000;4;1224.67
cuda3;8000;0;1600;5;1113.7
cuda3;8000;0;1334;6;1045.72
cuda3;8000;0;1143;7;998.73
cuda3;8000;0;1000;8;959.741
cuda3;8000;0;889;9;939.746
cuda3;8000;0;800;10;913.753
cuda3;8000;0;728;11;887.76
cuda3;8000;0;667;12;875.763
cuda3;8000;0;616;13;860.767
cuda3;8000;0;572;14;858.768
cuda3;8000;0;534;15;849.77
cuda3;8000;0;500;16;836.774
cuda3;8000;0;471;17;838.773
cuda3;8000;0;445;18;827.776
cuda3;8000;0;422;19;816.779
cuda3;8000;0;400;20;813.78
cuda3;8000;0;381;21;816.779
cuda3;8000;0;364;22;810.781
cuda3;8000;0;348;23;804.783
cuda3;8000;0;334;24;803.783
cuda3;8000;0;320;25;794.785
cuda3;8000;0;308;26;795.785
cuda3;8000;0;297;27;790.786
cuda3;8000;0;286;28;790.787
cuda3;8000;0;276;29;791.786
cuda3;8000;0;267;30;788.786
cuda3;8000;0;259;31;782.788
cuda3;8000;0;250;32;779.789
cuda3;8000;0;243;33;781.788
cuda3;8000;0;236;34;776.79
cuda3;8000;0;229;35;783.788
cuda3;8000;0;223;36;770.792
cuda3;8000;0;217;37;778.79
cuda3;8000;0;211;38;779.789
cuda3;8000;0;206;39;774.791
cuda3;8000;0;200;40;777.79
cuda3;8000;0;196;41;766.792
cuda3;8000;0;191;42;774.791
cuda3;8000;0;187;43;770.792
cuda3;8000;0;182;44;758.795
cuda3;8000;0;178;45;764.793
cuda3;8000;0;174;46;763.793
cuda3;8000;0;171;47;757.795
cuda3;8000;0;167;48;767.793
cuda3;8000;0;164;49;766.793
cuda3;8000;0;160;50;761.794
cuda3;8000;0;157;51;764.793
cuda3;8000;0;154;52;757.795
cuda3;8000;0;151;53;760.795
cuda3;8000;0;149;54;759.795
cuda3;8000;0;146;55;754.796
cuda3;8000;0;143;56;755.796
cuda3;8000;0;141;57;755.795
cuda3;8000;0;138;58;749.797
cuda3;8000;0;136;59;757.795
cuda3;8000;0;134;60;750.797
cuda3;8000;0;132;61;754.796
cuda3;8000;0;130;62;751.797
cuda3;8000;0;127;63;757.796
cuda3;8000;0;125;64;758.795
cuda3;8000;0;124;65;758.795
cuda3;8000;0;122;66;763.793
cuda3;8000;0;120;67;750.797
cuda3;8000;0;118;68;756.796
cuda3;8000;0;116;69;756.796
cuda3;8000;0;115;70;751.797
cuda3;8000;0;113;71;756.795
cuda3;8000;0;112;72;751.797
cuda3;8000;0;110;73;752.796
cuda3;8000;0;109;74;754.796
cuda3;8000;0;107;75;758.795
cuda3;8000;0;106;76;752.797
cuda3;8000;0;104;77;753.796
cuda3;8000;0;103;78;744.799
cuda3;8000;0;102;79;749.797
cuda3;8000;0;100;80;752.796
cuda3;8000;0;99;81;752.797
cuda3;8000;0;98;82;748.798
cuda3;8000;0;97;83;755.796
cuda3;8000;0;96;84;746.798
cuda3;8000;0;95;85;751.797
cuda3;8000;0;94;86;740.8
cuda3;8000;0;92;87;746.799
cuda3;8000;0;91;88;746.798
cuda3;8000;0;90;89;751.796
cuda3;8000;0;89;90;743.799
cuda3;8000;0;88;91;755.796
cuda3;8000;0;87;92;754.796
cuda3;8000;0;87;93;742.8
cuda3;8000;0;86;94;747.798
cuda3;8000;0;85;95;741.8
cuda3;8000;0;84;96;740.799
cuda3;8000;0;83;97;744.799
cuda3;8000;0;82;98;751.797
cuda3;8000;0;81;99;760.794
cuda3;8000;0;80;100;746.799
cuda3;8000;0;80;101;756.796
cuda3;8000;0;79;102;762.794
cuda3;8000;0;78;103;753.796
cuda3;8000;0;77;104;752.797
cuda3;8000;0;77;105;755.795
cuda3;8000;0;76;106;749.797
cuda3;8000;0;75;107;750.797
cuda3;8000;0;75;108;756.795
cuda3;8000;0;74;109;752.796
cuda3;8000;0;73;110;755.795
cuda3;8000;0;73;111;747.798
cuda3;8000;0;72;112;752.796
cuda3;8000;0;71;113;751.797
cuda3;8000;0;71;114;749.798
cuda3;8000;0;70;115;747.798
cuda3;8000;0;69;116;751.797
cuda3;8000;0;69;117;749.797
cuda3;8000;0;68;118;753.796
cuda3;8000;0;68;119;745.798
cuda3;8000;0;67;120;749.798
cuda3;8000;0;67;121;750.797
cuda3;8000;0;66;122;742.799
cuda3;8000;0;66;123;745.799
cuda3;8000;0;65;124;756.795
cuda3;8000;0;64;125;750.798
cuda3;8000;0;64;126;738.8
cuda3;8000;0;63;127;750.797
cuda3;8000;0;63;128;745.798
cuda3;8000;0;63;129;750.797
cuda3;8000;0;62;130;748.798
cuda3;8000;0;62;131;747.798
cuda3;8000;0;61;132;749.798
cuda3;8000;0;61;133;743.799
cuda3;8000;0;60;134;751.797
cuda3;8000;0;60;135;753.796
cuda3;8000;0;59;136;747.798
cuda3;8000;0;59;137;754.796
cuda3;8000;0;58;138;749.798
cuda3;8000;0;58;139;750.797
cuda3;8000;0;58;140;748.798
cuda3;8000;0;57;141;744.799
cuda3;8000;0;57;142;744.799
cuda3;8000;0;56;143;746.798
cuda3;8000;0;56;144;744.799
cuda3;8000;0;56;145;747.798
cuda3;8000;0;55;146;740.8
cuda3;8000;0;55;147;746.798
cuda3;8000;0;55;148;744.799
cuda3;8000;0;54;149;740.8
cuda3;8000;0;54;150;741.799
cuda3;8000;0;53;151;744.799
cuda3;8000;0;53;152;744.799
cuda3;8000;0;53;153;741.799
cuda3;8000;0;52;154;749.798
cuda3;8000;0;52;155;746.798
cuda3;8000;0;52;156;747.798
cuda3;8000;0;51;157;740.8
cuda3;8000;0;51;158;744.799
cuda3;8000;0;51;159;751.797
cuda3;8000;0;50;160;743.799
cuda3;8000;0;50;161;749.797
cuda3;8000;0;50;162;751.797
cuda3;8000;0;50;163;744.798
cuda3;8000;0;49;164;754.797
cuda3;8000;0;49;165;740.8
cuda3;8000;0;49;166;750.797
cuda3;8000;0;48;167;753.796
cuda3;8000;0;48;168;751.796
cuda3;8000;0;48;169;753.796
cuda3;8000;0;48;170;752.797
cuda3;8000;0;47;171;749.798
cuda3;8000;0;47;172;743.799
cuda3;8000;0;47;173;745.798
cuda3;8000;0;46;174;749.797
cuda3;8000;0;46;175;753.796
cuda3;8000;0;46;176;752.797
cuda3;8000;0;46;177;747.798
cuda3;8000;0;45;178;741.8
cuda3;8000;0;45;179;750.798
cuda3;8000;0;45;180;737.8
cuda3;8000;0;45;181;744.799
cuda3;8000;0;44;182;747.797
cuda3;8000;0;44;183;748.798
cuda3;8000;0;44;184;751.797
cuda3;8000;0;44;185;736.801
cuda3;8000;0;44;186;749.797
cuda3;8000;0;43;187;745.799
cuda3;8000;0;43;188;744.799
cuda3;8000;0;43;189;738.8
cuda3;8000;0;43;190;742.799
cuda3;8000;0;42;191;739.8
cuda3;8000;0;42;192;741.799
cuda3;8000;0;42;193;745.799
cuda3;8000;0;42;194;752.796
cuda3;8000;0;42;195;735.801
cuda3;8000;0;41;196;750.797
cuda3;8000;0;41;197;751.796
cuda3;8000;0;41;198;745.799
cuda3;8000;0;41;199;743.799
cuda3;8000;0;40;200;736.801
cuda3;8000;0;40;201;751.796
cuda3;8000;0;40;202;756.795
cuda3;8000;0;40;203;747.798
cuda3;8000;0;40;204;749.797
cuda3;8000;0;40;205;747.798
cuda3;8000;0;39;206;748.798
cuda3;8000;0;39;207;743.799
cuda3;8000;0;39;208;750.798
cuda3;8000;0;39;209;749.797
cuda3;8000;0;39;210;739.8
cuda3;8000;0;38;211;738.8
cuda3;8000;0;38;212;749.797
cuda3;8000;0;38;213;742.8
cuda3;8000;0;38;214;743.799
cuda3;8000;0;38;215;744.799
cuda3;8000;0;38;216;740.8
cuda3;8000;0;37;217;740.8
cuda3;8000;0;37;218;745.798
cuda3;8000;0;37;219;744.799
cuda3;8000;0;37;220;747.798
cuda3;8000;0;37;221;750.797
cuda3;8000;0;37;222;739.8
cuda3;8000;0;36;223;747.798
cuda3;8000;0;36;224;743.799
cuda3;8000;0;36;225;750.797
cuda3;8000;0;36;226;748.797
cuda3;8000;0;36;227;751.797
cuda3;8000;0;36;228;745.799
cuda3;8000;0;35;229;744.799
cuda3;8000;0;35;230;745.798
cuda3;8000;0;35;231;749.798
cuda3;8000;0;35;232;746.799
cuda3;8000;0;35;233;750.797
cuda3;8000;0;35;234;747.798
cuda3;8000;0;35;235;750.797
cuda3;8000;0;34;236;742.799
cuda3;8000;0;34;237;743.799
cuda3;8000;0;34;238;747.798
cuda3;8000;0;34;239;753.797
cuda3;8000;0;34;240;741.799
cuda3;8000;0;34;241;750.797
cuda3;8000;0;34;242;753.796
cuda3;8000;0;33;243;744.799
cuda3;8000;0;33;244;746.798
cuda3;8000;0;33;245;748.798
cuda3;8000;0;33;246;747.798
cuda3;8000;0;33;247;744.799
cuda3;8000;0;33;248;740.8
cuda3;8000;0;33;249;747.798
cuda3;8000;0;32;250;741.8
cuda3;8000;0;32;251;744.799
cuda3;8000;0;32;252;747.798
cuda3;8000;0;32;253;750.797
cuda3;8000;0;32;254;752.797
cuda3;8000;0;32;255;739.8
cuda3;8000;0;32;256;741.8
cuda3;8000;0;32;257;746.798
cuda3;8000;0;32;258;744.799
cuda3;8000;0;31;259;745.799
cuda3;8000;0;31;260;751.797
cuda3;8000;0;31;261;744.798
cuda3;8000;0;31;262;740.8
cuda3;8000;0;31;263;741.8
cuda3;8000;0;31;264;740.8
cuda3;8000;0;31;265;750.798
cuda3;8000;0;31;266;1298.24
cuda3;8000;0;30;267;745.798
cuda3;8000;0;30;268;747.798
cuda3;8000;0;30;269;752.797
cuda3;8000;0;30;270;743.799
cuda3;8000;0;30;271;741.8
cuda3;8000;0;30;272;740.8
cuda3;8000;0;30;273;750.797
cuda3;8000;0;30;274;746.798
cuda3;8000;0;30;275;743.799
cuda3;8000;0;29;276;750.797
cuda3;8000;0;29;277;744.799
cuda3;8000;0;29;278;745.798
cuda3;8000;0;29;279;744.799
cuda3;8000;0;29;280;746.799
cuda3;8000;0;29;281;744.799
cuda3;8000;0;29;282;745.798
cuda3;8000;0;29;283;750.797
cuda3;8000;0;29;284;750.797
cuda3;8000;0;29;285;745.798
cuda3;8000;0;28;286;748.798
cuda3;8000;0;28;287;740.8
cuda3;8000;0;28;288;744.798
cuda3;8000;0;28;289;748.797
cuda3;8000;0;28;290;748.797
cuda3;8000;0;28;291;748.797
cuda3;8000;0;28;292;751.797
cuda3;8000;0;28;293;744.799
cuda3;8000;0;28;294;738.8
cuda3;8000;0;28;295;744.799
cuda3;8000;0;28;296;747.798
cuda3;8000;0;27;297;750.797
cuda3;8000;0;27;298;741.799
cuda3;8000;0;27;299;747.798
cuda3;8000;0;27;300;738.8
cuda3;8000;0;27;301;739.8
cuda3;8000;0;27;302;747.798
cuda3;8000;0;27;303;746.798
cuda3;8000;0;27;304;745.799
cuda3;8000;0;27;305;753.796
cuda3;8000;0;27;306;740.8
cuda3;8000;0;27;307;740.8
cuda3;8000;0;26;308;742.799
cuda3;8000;0;26;309;743.799
cuda3;8000;0;26;310;750.797
cuda3;8000;0;26;311;748.798
cuda3;8000;0;26;312;748.797
cuda3;8000;0;26;313;739.8
cuda3;8000;0;26;314;747.797
cuda3;8000;0;26;315;745.798
cuda3;8000;0;26;316;747.798
cuda3;8000;0;26;317;739.801
cuda3;8000;0;26;318;749.797
cuda3;8000;0;26;319;744.798
cuda3;8000;0;25;320;745.799
cuda3;8000;0;25;321;742.8
cuda3;8000;0;25;322;754.796
cuda3;8000;0;25;323;753.797
cuda3;8000;0;25;324;740.8
cuda3;8000;0;25;325;748.798
cuda3;8000;0;25;326;745.798
cuda3;8000;0;25;327;748.798
cuda3;8000;0;25;328;738.8
cuda3;8000;0;25;329;746.798
cuda3;8000;0;25;330;750.797
cuda3;8000;0;25;331;752.796
cuda3;8000;0;25;332;740.8
cuda3;8000;0;25;333;751.797
cuda3;8000;0;24;334;744.799
cuda3;8000;0;24;335;747.798
cuda3;8000;0;24;336;744.799
cuda3;8000;0;24;337;749.798
cuda3;8000;0;24;338;747.798
cuda3;8000;0;24;339;748.798
cuda3;8000;0;24;340;746.799
cuda3;8000;0;24;341;749.797
cuda3;8000;0;24;342;748.797
cuda3;8000;0;24;343;738.8
cuda3;8000;0;24;344;742.799
cuda3;8000;0;24;345;747.798
cuda3;8000;0;24;346;737.8
cuda3;8000;0;24;347;754.796
cuda3;8000;0;23;348;748.797
cuda3;8000;0;23;349;746.798
cuda3;8000;0;23;350;739.801
cuda3;8000;0;23;351;750.797
cuda3;8000;0;23;352;744.798
cuda3;8000;0;23;353;739.8
cuda3;8000;0;23;354;742.799
cuda3;8000;0;23;355;747.798
cuda3;8000;0;23;356;744.799
cuda3;8000;0;23;357;750.797
cuda3;8000;0;23;358;742.8
cuda3;8000;0;23;359;753.797
cuda3;8000;0;23;360;744.798
cuda3;8000;0;23;361;744.799
cuda3;8000;0;23;362;747.798
cuda3;8000;0;23;363;755.796
cuda3;8000;0;22;364;744.798
cuda3;8000;0;22;365;751.797
cuda3;8000;0;22;366;749.798
cuda3;8000;0;22;367;747.798
cuda3;8000;0;22;368;740.8
cuda3;8000;0;22;369;745.799
cuda3;8000;0;22;370;739.8
cuda3;8000;0;22;371;741.8
cuda3;8000;0;22;372;744.799
cuda3;8000;0;22;373;748.797
cuda3;8000;0;22;374;745.799
cuda3;8000;0;22;375;750.797
cuda3;8000;0;22;376;744.798
cuda3;8000;0;22;377;749.798
cuda3;8000;0;22;378;743.799
cuda3;8000;0;22;379;744.799
cuda3;8000;0;22;380;740.8
cuda3;8000;0;21;381;750.797
cuda3;8000;0;21;382;739.8
cuda3;8000;0;21;383;740.8
cuda3;8000;0;21;384;743.799
cuda3;8000;0;21;385;739.8
cuda3;8000;0;21;386;749.797
cuda3;8000;0;21;387;743.799
cuda3;8000;0;21;388;744.799
cuda3;8000;0;21;389;746.798
cuda3;8000;0;21;390;747.798
cuda3;8000;0;21;391;741.8
cuda3;8000;0;21;392;740.8
cuda3;8000;0;21;393;749.798
cuda3;8000;0;21;394;747.798
cuda3;8000;0;21;395;752.797
cuda3;8000;0;21;396;751.797
cuda3;8000;0;21;397;749.798
cuda3;8000;0;21;398;747.798
cuda3;8000;0;21;399;740.8
cuda3;8000;0;20;400;744.799
cuda3;8000;0;20;401;749.798
cuda3;8000;0;20;402;740.799
cuda3;8000;0;20;403;744.799
cuda3;8000;0;20;404;740.799
cuda3;8000;0;20;405;743.799
cuda3;8000;0;20;406;739.801
cuda3;8000;0;20;407;744.798
cuda3;8000;0;20;408;741.799
cuda3;8000;0;20;409;744.799
cuda3;8000;0;20;410;736.801
cuda3;8000;0;20;411;739.8
cuda3;8000;0;20;412;750.797
cuda3;8000;0;20;413;739.8
cuda3;8000;0;20;414;739.8
cuda3;8000;0;20;415;736.801
cuda3;8000;0;20;416;745.798
cuda3;8000;0;20;417;753.796
cuda3;8000;0;20;418;747.798
cuda3;8000;0;20;419;752.796
cuda3;8000;0;20;420;748.797
cuda3;8000;0;20;421;743.799
cuda3;8000;0;19;422;747.797
cuda3;8000;0;19;423;751.797
cuda3;8000;0;19;424;748.797
cuda3;8000;0;19;425;742.799
cuda3;8000;0;19;426;740.8
cuda3;8000;0;19;427;748.798
cuda3;8000;0;19;428;738.801
cuda3;8000;0;19;429;739.8
cuda3;8000;0;19;430;738.801
cuda3;8000;0;19;431;741.799
cuda3;8000;0;19;432;740.8
cuda3;8000;0;19;433;737.801
cuda3;8000;0;19;434;749.797
cuda3;8000;0;19;435;742.8
cuda3;8000;0;19;436;750.797
cuda3;8000;0;19;437;746.798
cuda3;8000;0;19;438;746.798
cuda3;8000;0;19;439;740.8
cuda3;8000;0;19;440;745.799
cuda3;8000;0;19;441;742.799
cuda3;8000;0;19;442;740.8
cuda3;8000;0;19;443;738.801
cuda3;8000;0;19;444;746.798
cuda3;8000;0;18;445;734.802
cuda3;8000;0;18;446;747.798
cuda3;8000;0;18;447;745.799
cuda3;8000;0;18;448;737.801
cuda3;8000;0;18;449;750.797
cuda3;8000;0;18;450;748.798
cuda3;8000;0;18;451;744.798
cuda3;8000;0;18;452;749.798
cuda3;8000;0;18;453;743.799
cuda3;8000;0;18;454;749.798
cuda3;8000;0;18;455;748.798
cuda3;8000;0;18;456;749.797
cuda3;8000;0;18;457;746.799
cuda3;8000;0;18;458;743.799
cuda3;8000;0;18;459;742.799
cuda3;8000;0;18;460;746.798
cuda3;8000;0;18;461;744.798
cuda3;8000;0;18;462;742.799
cuda3;8000;0;18;463;740.8
cuda3;8000;0;18;464;745.798
cuda3;8000;0;18;465;747.798
cuda3;8000;0;18;466;743.799
cuda3;8000;0;18;467;745.799
cuda3;8000;0;18;468;747.797
cuda3;8000;0;18;469;748.797
cuda3;8000;0;18;470;746.798
cuda3;8000;0;17;471;739.801
cuda3;8000;0;17;472;740.8
cuda3;8000;0;17;473;753.797
cuda3;8000;0;17;474;739.8
cuda3;8000;0;17;475;740.8
cuda3;8000;0;17;476;738.8
cuda3;8000;0;17;477;747.798
cuda3;8000;0;17;478;745.799
cuda3;8000;0;17;479;749.797
cuda3;8000;0;17;480;737.8
cuda3;8000;0;17;481;738.801
cuda3;8000;0;17;482;743.799
cuda3;8000;0;17;483;738.8
cuda3;8000;0;17;484;737.8
cuda3;8000;0;17;485;742.799
cuda3;8000;0;17;486;737.8
cuda3;8000;0;17;487;745.798
cuda3;8000;0;17;488;748.798
cuda3;8000;0;17;489;738.8
cuda3;8000;0;17;490;742.799
cuda3;8000;0;17;491;742.799
cuda3;8000;0;17;492;748.798
cuda3;8000;0;17;493;745.799
cuda3;8000;0;17;494;739.8
cuda3;8000;0;17;495;739.8
cuda3;8000;0;17;496;748.798
cuda3;8000;0;17;497;738.801
cuda3;8000;0;17;498;751.797
cuda3;8000;0;17;499;744.799
cuda3;8000;0;16;500;749.797
cuda3;8000;0;16;501;746.799
cuda3;8000;0;16;502;736.801
cuda3;8000;0;16;503;748.797
cuda3;8000;0;16;504;746.798
cuda3;8000;0;16;505;750.797
cuda3;8000;0;16;506;739.8
cuda3;8000;0;16;507;747.798
cuda3;8000;0;16;508;752.796
cuda3;8000;0;16;509;752.797
cuda3;8000;0;16;510;747.797
cuda3;8000;0;16;511;736.801
cuda3;8000;0;16;512;741.799
cuda3;8000;0;16;513;748.798
cuda3;8000;0;16;514;747.798
cuda3;8000;0;16;515;754.796
cuda3;8000;0;16;516;735.801
cuda3;8000;0;16;517;739.8
cuda3;8000;0;16;518;749.798
cuda3;8000;0;16;519;747.798
cuda3;8000;0;16;520;742.8
cuda3;8000;0;16;521;742.8
cuda3;8000;0;16;522;741.799
cuda3;8000;0;16;523;737.8
cuda3;8000;0;16;524;745.799
cuda3;8000;0;16;525;741.8
cuda3;8000;0;16;526;748.798
cuda3;8000;0;16;527;741.799
cuda3;8000;0;16;528;744.799
cuda3;8000;0;16;529;740.8
cuda3;8000;0;16;530;738.8
cuda3;8000;0;16;531;738.8
cuda3;8000;0;16;532;741.8
cuda3;8000;0;16;533;746.798
cuda3;8000;0;15;534;748.798
cuda3;8000;0;15;535;747.798
cuda3;8000;0;15;536;747.798
cuda3;8000;0;15;537;746.799
cuda3;8000;0;15;538;739.8
cuda3;8000;0;15;539;747.798
cuda3;8000;0;15;540;738.8
cuda3;8000;0;15;541;738.8
cuda3;8000;0;15;542;738.8
cuda3;8000;0;15;543;746.798
cuda3;8000;0;15;544;736.8
cuda3;8000;0;15;545;738.8
cuda3;8000;0;15;546;745.799
cuda3;8000;0;15;547;752.796
cuda3;8000;0;15;548;743.799
cuda3;8000;0;15;549;739.8
cuda3;8000;0;15;550;740.8
cuda3;8000;0;15;551;738.8
cuda3;8000;0;15;552;740.8
cuda3;8000;0;15;553;737.801
cuda3;8000;0;15;554;738.8
cuda3;8000;0;15;555;740.8
cuda3;8000;0;15;556;746.798
cuda3;8000;0;15;557;748.798
cuda3;8000;0;15;558;746.798
cuda3;8000;0;15;559;746.799
cuda3;8000;0;15;560;748.798
cuda3;8000;0;15;561;741.8
cuda3;8000;0;15;562;737.801
cuda3;8000;0;15;563;740.8
cuda3;8000;0;15;564;745.798
cuda3;8000;0;15;565;736.801
cuda3;8000;0;15;566;742.799
cuda3;8000;0;15;567;742.799
cuda3;8000;0;15;568;736.801
cuda3;8000;0;15;569;749.798
cuda3;8000;0;15;570;743.799
cuda3;8000;0;15;571;739.8
cuda3;8000;0;14;572;740.8
cuda3;8000;0;14;573;736.801
cuda3;8000;0;14;574;747.798
cuda3;8000;0;14;575;745.799
cuda3;8000;0;14;576;743.799
cuda3;8000;0;14;577;737.8
cuda3;8000;0;14;578;741.799
cuda3;8000;0;14;579;749.797
cuda3;8000;0;14;580;749.797
cuda3;8000;0;14;581;738.8
cuda3;8000;0;14;582;744.798
cuda3;8000;0;14;583;750.797
cuda3;8000;0;14;584;746.798
cuda3;8000;0;14;585;750.797
cuda3;8000;0;14;586;741.799
cuda3;8000;0;14;587;748.798
cuda3;8000;0;14;588;738.801
cuda3;8000;0;14;589;737.801
cuda3;8000;0;14;590;737.8
cuda3;8000;0;14;591;747.798
cuda3;8000;0;14;592;746.798
cuda3;8000;0;14;593;737.801
cuda3;8000;0;14;594;740.8
cuda3;8000;0;14;595;742.799
cuda3;8000;0;14;596;745.798
cuda3;8000;0;14;597;743.799
cuda3;8000;0;14;598;739.8
cuda3;8000;0;14;599;737.801
cuda3;8000;0;14;600;749.797
cuda3;8000;0;14;601;747.798
cuda3;8000;0;14;602;748.797
cuda3;8000;0;14;603;747.798
cuda3;8000;0;14;604;739.8
cuda3;8000;0;14;605;736.801
cuda3;8000;0;14;606;735.802
cuda3;8000;0;14;607;751.797
cuda3;8000;0;14;608;740.8
cuda3;8000;0;14;609;741.799
cuda3;8000;0;14;610;743.799
cuda3;8000;0;14;611;751.796
cuda3;8000;0;14;612;749.797
cuda3;8000;0;14;613;742.799
cuda3;8000;0;14;614;743.799
cuda3;8000;0;14;615;743.799
cuda3;8000;0;13;616;743.799
cuda3;8000;0;13;617;748.798
cuda3;8000;0;13;618;737.8
cuda3;8000;0;13;619;738.8
cuda3;8000;0;13;620;748.798
cuda3;8000;0;13;621;737.801
cuda3;8000;0;13;622;749.797
cuda3;8000;0;13;623;737.801
cuda3;8000;0;13;624;745.799
cuda3;8000;0;13;625;745.799
cuda3;8000;0;13;626;750.797
cuda3;8000;0;13;627;748.798
cuda3;8000;0;13;628;741.799
cuda3;8000;0;13;629;743.799
cuda3;8000;0;13;630;742.8
cuda3;8000;0;13;631;737.801
cuda3;8000;0;13;632;744.798
cuda3;8000;0;13;633;738.8
cuda3;8000;0;13;634;743.799
cuda3;8000;0;13;635;751.797
cuda3;8000;0;13;636;747.798
cuda3;8000;0;13;637;740.8
cuda3;8000;0;13;638;741.799
cuda3;8000;0;13;639;734.802
cuda3;8000;0;13;640;734.801
cuda3;8000;0;13;641;748.797
cuda3;8000;0;13;642;751.797
cuda3;8000;0;13;643;746.798
cuda3;8000;0;13;644;735.801
cuda3;8000;0;13;645;742.799
cuda3;8000;0;13;646;743.799
cuda3;8000;0;13;647;751.796
cuda3;8000;0;13;648;748.798
cuda3;8000;0;13;649;749.797
cuda3;8000;0;13;650;738.8
cuda3;8000;0;13;651;742.8
cuda3;8000;0;13;652;749.798
cuda3;8000;0;13;653;742.799
cuda3;8000;0;13;654;751.797
cuda3;8000;0;13;655;733.801
cuda3;8000;0;13;656;743.799
cuda3;8000;0;13;657;734.801
cuda3;8000;0;13;658;738.801
cuda3;8000;0;13;659;737.801
cuda3;8000;0;13;660;738.801
cuda3;8000;0;13;661;744.799
cuda3;8000;0;13;662;750.797
cuda3;8000;0;13;663;741.799
cuda3;8000;0;13;664;743.799
cuda3;8000;0;13;665;751.796
cuda3;8000;0;13;666;750.797
cuda3;8000;0;12;667;735.801
cuda3;8000;0;12;668;739.8
cuda3;8000;0;12;669;743.799
cuda3;8000;0;12;670;744.799
cuda3;8000;0;12;671;744.798
cuda3;8000;0;12;672;736.8
cuda3;8000;0;12;673;750.797
cuda3;8000;0;12;674;738.8
cuda3;8000;0;12;675;741.8
cuda3;8000;0;12;676;741.799
cuda3;8000;0;12;677;739.8
cuda3;8000;0;12;678;741.799
cuda3;8000;0;12;679;744.798
cuda3;8000;0;12;680;744.798
cuda3;8000;0;12;681;748.798
cuda3;8000;0;12;682;749.797
cuda3;8000;0;12;683;749.798
cuda3;8000;0;12;684;734.802
cuda3;8000;0;12;685;745.798
cuda3;8000;0;12;686;743.799
cuda3;8000;0;12;687;742.799
cuda3;8000;0;12;688;736.801
cuda3;8000;0;12;689;750.797
cuda3;8000;0;12;690;735.801
cuda3;8000;0;12;691;740.8
cuda3;8000;0;12;692;747.798
cuda3;8000;0;12;693;745.798
cuda3;8000;0;12;694;743.799
cuda3;8000;0;12;695;740.8
cuda3;8000;0;12;696;736.801
cuda3;8000;0;12;697;744.799
cuda3;8000;0;12;698;740.8
cuda3;8000;0;12;699;742.799
cuda3;8000;0;12;700;742.799
cuda3;8000;0;12;701;743.799
cuda3;8000;0;12;702;751.797
cuda3;8000;0;12;703;741.8
cuda3;8000;0;12;704;740.8
cuda3;8000;0;12;705;746.798
cuda3;8000;0;12;706;747.798
cuda3;8000;0;12;707;743.799
cuda3;8000;0;12;708;737.8
cuda3;8000;0;12;709;745.798
cuda3;8000;0;12;710;743.799
cuda3;8000;0;12;711;740.799
cuda3;8000;0;12;712;736.801
cuda3;8000;0;12;713;746.798
cuda3;8000;0;12;714;741.8
cuda3;8000;0;12;715;745.798
cuda3;8000;0;12;716;745.798
cuda3;8000;0;12;717;747.798
cuda3;8000;0;12;718;747.798
cuda3;8000;0;12;719;744.798
cuda3;8000;0;12;720;747.797
cuda3;8000;0;12;721;748.798
cuda3;8000;0;12;722;746.798
cuda3;8000;0;12;723;743.799
cuda3;8000;0;12;724;751.797
cuda3;8000;0;12;725;740.8
cuda3;8000;0;12;726;748.798
cuda3;8000;0;12;727;746.798
cuda3;8000;0;11;728;750.797
cuda3;8000;0;11;729;754.796
cuda3;8000;0;11;730;745.798
cuda3;8000;0;11;731;750.797
cuda3;8000;0;11;732;740.8
cuda3;8000;0;11;733;741.799
cuda3;8000;0;11;734;743.799
cuda3;8000;0;11;735;743.799
cuda3;8000;0;11;736;740.8
cuda3;8000;0;11;737;749.797
cuda3;8000;0;11;738;736.801
cuda3;8000;0;11;739;742.799
cuda3;8000;0;11;740;741.8
cuda3;8000;0;11;741;751.796
cuda3;8000;0;11;742;746.799
cuda3;8000;0;11;743;753.796
cuda3;8000;0;11;744;740.8
cuda3;8000;0;11;745;741.8
cuda3;8000;0;11;746;738.8
cuda3;8000;0;11;747;749.797
cuda3;8000;0;11;748;749.797
cuda3;8000;0;11;749;746.798
cuda3;8000;0;11;750;741.8
cuda3;8000;0;11;751;747.798
cuda3;8000;0;11;752;742.799
cuda3;8000;0;11;753;740.8
cuda3;8000;0;11;754;740.8
cuda3;8000;0;11;755;735.801
cuda3;8000;0;11;756;744.799
cuda3;8000;0;11;757;747.798
cuda3;8000;0;11;758;741.8
cuda3;8000;0;11;759;737.801
cuda3;8000;0;11;760;743.799
cuda3;8000;0;11;761;751.797
cuda3;8000;0;11;762;747.798
cuda3;8000;0;11;763;750.798
cuda3;8000;0;11;764;743.799
cuda3;8000;0;11;765;747.798
cuda3;8000;0;11;766;743.799
cuda3;8000;0;11;767;750.797
cuda3;8000;0;11;768;737.801
cuda3;8000;0;11;769;744.799
cuda3;8000;0;11;770;744.799
cuda3;8000;0;11;771;745.798
cuda3;8000;0;11;772;744.799
cuda3;8000;0;11;773;746.798
cuda3;8000;0;11;774;748.797
cuda3;8000;0;11;775;737.801
cuda3;8000;0;11;776;740.8
cuda3;8000;0;11;777;749.798
cuda3;8000;0;11;778;741.799
cuda3;8000;0;11;779;742.8
cuda3;8000;0;11;780;741.8
cuda3;8000;0;11;781;738.8
cuda3;8000;0;11;782;751.797
cuda3;8000;0;11;783;745.798
cuda3;8000;0;11;784;743.799
cuda3;8000;0;11;785;744.799
cuda3;8000;0;11;786;742.799
cuda3;8000;0;11;787;750.797
cuda3;8000;0;11;788;747.798
cuda3;8000;0;11;789;750.797
cuda3;8000;0;11;790;746.798
cuda3;8000;0;11;791;752.796
cuda3;8000;0;11;792;746.799
cuda3;8000;0;11;793;750.797
cuda3;8000;0;11;794;750.797
cuda3;8000;0;11;795;749.797
cuda3;8000;0;11;796;750.797
cuda3;8000;0;11;797;746.798
cuda3;8000;0;11;798;742.799
cuda3;8000;0;11;799;752.797
cuda3;8000;0;10;800;739.8
cuda3;8000;0;10;801;738.801
cuda3;8000;0;10;802;737.801
cuda3;8000;0;10;803;749.797
cuda3;8000;0;10;804;747.798
cuda3;8000;0;10;805;744.798
cuda3;8000;0;10;806;745.798
cuda3;8000;0;10;807;741.799
cuda3;8000;0;10;808;749.797
cuda3;8000;0;10;809;748.798
cuda3;8000;0;10;810;744.799
cuda3;8000;0;10;811;751.796
cuda3;8000;0;10;812;750.797
cuda3;8000;0;10;813;748.798
cuda3;8000;0;10;814;745.798
cuda3;8000;0;10;815;741.8
cuda3;8000;0;10;816;749.797
cuda3;8000;0;10;817;750.797
cuda3;8000;0;10;818;748.798
cuda3;8000;0;10;819;744.798
cuda3;8000;0;10;820;741.8
cuda3;8000;0;10;821;744.799
cuda3;8000;0;10;822;745.799
cuda3;8000;0;10;823;744.799
cuda3;8000;0;10;824;741.8
cuda3;8000;0;10;825;744.799
cuda3;8000;0;10;826;750.797
cuda3;8000;0;10;827;753.797
cuda3;8000;0;10;828;746.798
cuda3;8000;0;10;829;745.799
cuda3;8000;0;10;830;743.799
cuda3;8000;0;10;831;746.799
cuda3;8000;0;10;832;745.798
cuda3;8000;0;10;833;744.799
cuda3;8000;0;10;834;746.799
cuda3;8000;0;10;835;752.796
cuda3;8000;0;10;836;741.8
cuda3;8000;0;10;837;745.798
cuda3;8000;0;10;838;745.799
cuda3;8000;0;10;839;740.799
cuda3;8000;0;10;840;751.797
cuda3;8000;0;10;841;746.798
cuda3;8000;0;10;842;749.797
cuda3;8000;0;10;843;743.799
cuda3;8000;0;10;844;746.798
cuda3;8000;0;10;845;749.797
cuda3;8000;0;10;846;750.797
cuda3;8000;0;10;847;755.795
cuda3;8000;0;10;848;750.797
cuda3;8000;0;10;849;741.8
cuda3;8000;0;10;850;745.798
cuda3;8000;0;10;851;754.796
cuda3;8000;0;10;852;745.798
cuda3;8000;0;10;853;748.798
cuda3;8000;0;10;854;749.798
cuda3;8000;0;10;855;750.797
cuda3;8000;0;10;856;750.797
cuda3;8000;0;10;857;744.799
cuda3;8000;0;10;858;753.797
cuda3;8000;0;10;859;740.8
cuda3;8000;0;10;860;755.796
cuda3;8000;0;10;861;748.798
cuda3;8000;0;10;862;743.799
cuda3;8000;0;10;863;750.797
cuda3;8000;0;10;864;741.8
cuda3;8000;0;10;865;747.798
cuda3;8000;0;10;866;752.797
cuda3;8000;0;10;867;743.799
cuda3;8000;0;10;868;746.798
cuda3;8000;0;10;869;754.796
cuda3;8000;0;10;870;746.798
cuda3;8000;0;10;871;748.798
cuda3;8000;0;10;872;747.798
cuda3;8000;0;10;873;747.798
cuda3;8000;0;10;874;753.796
cuda3;8000;0;10;875;746.798
cuda3;8000;0;10;876;740.799
cuda3;8000;0;10;877;748.797
cuda3;8000;0;10;878;750.797
cuda3;8000;0;10;879;742.8
cuda3;8000;0;10;880;740.8
cuda3;8000;0;10;881;751.797
cuda3;8000;0;10;882;748.798
cuda3;8000;0;10;883;742.8
cuda3;8000;0;10;884;738.801
cuda3;8000;0;10;885;750.797
cuda3;8000;0;10;886;746.798
cuda3;8000;0;10;887;740.8
cuda3;8000;0;10;888;746.798
cuda3;8000;0;9;889;751.797
cuda3;8000;0;9;890;749.797
cuda3;8000;0;9;891;740.8
cuda3;8000;0;9;892;746.799
cuda3;8000;0;9;893;748.798
cuda3;8000;0;9;894;739.8
cuda3;8000;0;9;895;745.799
cuda3;8000;0;9;896;740.8
cuda3;8000;0;9;897;747.798
cuda3;8000;0;9;898;741.8
cuda3;8000;0;9;899;744.799
cuda3;8000;0;9;900;749.797
cuda3;8000;0;9;901;754.796
cuda3;8000;0;9;902;741.799
cuda3;8000;0;9;903;749.797
cuda3;8000;0;9;904;745.799
cuda3;8000;0;9;905;740.8
cuda3;8000;0;9;906;744.798
cuda3;8000;0;9;907;750.797
cuda3;8000;0;9;908;747.798
cuda3;8000;0;9;909;743.799
cuda3;8000;0;9;910;741.8
cuda3;8000;0;9;911;750.798
cuda3;8000;0;9;912;743.799
cuda3;8000;0;9;913;752.797
cuda3;8000;0;9;914;749.797
cuda3;8000;0;9;915;747.798
cuda3;8000;0;9;916;743.799
cuda3;8000;0;9;917;744.799
cuda3;8000;0;9;918;755.795
cuda3;8000;0;9;919;744.798
cuda3;8000;0;9;920;745.798
cuda3;8000;0;9;921;746.798
cuda3;8000;0;9;922;748.798
cuda3;8000;0;9;923;749.797
cuda3;8000;0;9;924;747.798
cuda3;8000;0;9;925;747.798
cuda3;8000;0;9;926;748.798
cuda3;8000;0;9;927;752.797
cuda3;8000;0;9;928;740.8
cuda3;8000;0;9;929;753.796
cuda3;8000;0;9;930;741.8
cuda3;8000;0;9;931;747.798
cuda3;8000;0;9;932;744.798
cuda3;8000;0;9;933;747.798
cuda3;8000;0;9;934;743.799
cuda3;8000;0;9;935;746.799
cuda3;8000;0;9;936;750.797
cuda3;8000;0;9;937;753.796
cuda3;8000;0;9;938;745.798
cuda3;8000;0;9;939;746.798
cuda3;8000;0;9;940;750.797
cuda3;8000;0;9;941;739.8
cuda3;8000;0;9;942;745.799
cuda3;8000;0;9;943;746.798
cuda3;8000;0;9;944;749.797
cuda3;8000;0;9;945;749.797
cuda3;8000;0;9;946;743.799
cuda3;8000;0;9;947;740.8
cuda3;8000;0;9;948;744.799
cuda3;8000;0;9;949;750.797
cuda3;8000;0;9;950;743.799
cuda3;8000;0;9;951;743.799
cuda3;8000;0;9;952;742.8
cuda3;8000;0;9;953;743.799
cuda3;8000;0;9;954;744.798
cuda3;8000;0;9;955;737.801
cuda3;8000;0;9;956;740.8
cuda3;8000;0;9;957;752.796
cuda3;8000;0;9;958;743.799
cuda3;8000;0;9;959;745.798
cuda3;8000;0;9;960;748.798
cuda3;8000;0;9;961;748.798
cuda3;8000;0;9;962;750.798
cuda3;8000;0;9;963;748.798
cuda3;8000;0;9;964;747.798
cuda3;8000;0;9;965;747.798
cuda3;8000;0;9;966;751.796
cuda3;8000;0;9;967;741.799
cuda3;8000;0;9;968;750.797
cuda3;8000;0;9;969;741.799
cuda3;8000;0;9;970;752.796
cuda3;8000;0;9;971;746.798
cuda3;8000;0;9;972;752.797
cuda3;8000;0;9;973;750.797
cuda3;8000;0;9;974;745.799
cuda3;8000;0;9;975;747.798
cuda3;8000;0;9;976;742.799
cuda3;8000;0;9;977;744.798
cuda3;8000;0;9;978;750.797
cuda3;8000;0;9;979;741.799
cuda3;8000;0;9;980;750.797
cuda3;8000;0;9;981;744.798
cuda3;8000;0;9;982;745.798
cuda3;8000;0;9;983;754.796
cuda3;8000;0;9;984;748.798
cuda3;8000;0;9;985;745.798
cuda3;8000;0;9;986;744.799
cuda3;8000;0;9;987;743.799
cuda3;8000;0;9;988;751.797
cuda3;8000;0;9;989;758.795
cuda3;8000;0;9;990;743.799
cuda3;8000;0;9;991;749.798
cuda3;8000;0;9;992;745.799
cuda3;8000;0;9;993;745.798
cuda3;8000;0;9;994;748.797
cuda3;8000;0;9;995;751.797
cuda3;8000;0;9;996;749.797
cuda3;8000;0;9;997;752.796
cuda3;8000;0;9;998;740.8
cuda3;8000;0;9;999;746.798
cuda3;8000;0;8;1000;747.798
cuda3;8000;0;8;1001;750.797
cuda3;8000;0;8;1002;748.797
cuda3;8000;0;8;1003;748.797
cuda3;8000;0;8;1004;744.799
cuda3;8000;0;8;1005;748.797
cuda3;8000;0;8;1006;751.797
cuda3;8000;0;8;1007;746.798
cuda3;8000;0;8;1008;751.797
cuda3;8000;0;8;1009;748.797
cuda3;8000;0;8;1010;751.797
cuda3;8000;0;8;1011;740.8
cuda3;8000;0;8;1012;748.798
cuda3;8000;0;8;1013;751.797
cuda3;8000;0;8;1014;750.797
cuda3;8000;0;8;1015;746.799
cuda3;8000;0;8;1016;737.801
cuda3;8000;0;8;1017;744.799
cuda3;8000;0;8;1018;747.798
cuda3;8000;0;8;1019;745.799
cuda3;8000;0;8;1020;741.8
cuda3;8000;0;8;1021;749.798
cuda3;8000;0;8;1022;742.799
cuda3;8000;0;8;1023;755.796
cuda3;8000;0;8;1024;746.798
